date,n1,n2,n3,n4,n5,e1,e2,pos_sun,pos_moon,pos_merc,pos_ven,pos_mars,pos_jup,pos_sat,moon_illum
2011-05-10,28,3,45,10,15,7,5,48.860473272364764,127.93549319318075,22.604787788185686,22.653376851635795,28.866976721430998,24.23951002725852,191.22012270350237,0.40669061018218244
2011-05-13,17,47,11,36,9,2,1,51.75880031633517,170.13480256512585,26.048995722445163,26.292535013458725,31.1254393959184,24.92622989544599,191.06741271745207,0.7386541703402626
2011-05-17,37,20,21,45,46,3,2,55.616275326230216,229.2553731904896,31.239409812647704,31.14645160878502,34.12469322755833,25.831148100531365,190.8827711706856,0.9964451167156023
2011-05-20,42,25,10,20,14,8,11,58.50494744464379,271.9711201631207,35.55195033365081,34.78857037880846,36.365213000178066,26.50121650072844,190.75914976129985,0.9169264207898769
2011-05-24,16,23,24,29,26,2,9,62.35182455656926,323.5445082632394,41.838945997382474,39.64740299631898,39.34074283444424,27.382200694384636,190.61499834073297,0.5771425842203751
2011-05-27,28,9,49,25,17,9,8,65.23396754381945,359.53711927593355,46.95068119234404,43.29357165081095,41.56337077807867,28.032853485775945,190.52295892799296,0.29650218767760816
2011-05-31,22,9,10,50,1,11,5,69.07302995800072,47.517528840767646,54.28927282034811,48.15767173551886,44.51442790097166,28.88572042655711,190.42241717740137,0.035619314556276094
2011-06-03,49,40,50,39,4,2,5,71.94941580375448,85.20019409069243,60.1729054201374,51.80746586573544,46.7180351665128,29.513493903992163,190.36406521826706,0.013671711993264835
2011-06-07,25,38,40,6,36,10,4,75.78038260979187,138.54523528638438,68.46745132398198,56.67584793904478,49.64272551618843,30.333392086938037,190.3094624961232,0.27343315295904325
2011-06-10,37,20,3,48,19,8,11,78.6502377664659,180.72345294913157,74.94394813246247,60.32852565398624,51.825881213851204,30.93462629312538,190.28608872096822,0.6058462141285824
2011-06-14,41,19,48,5,12,8,10,82.47249426122697,238.26719313542435,83.7304601952241,65.20089202452215,54.72288968877573,31.716920065201563,190.27842071943505,0.9560390822791383
2011-06-17,11,22,21,16,44,8,3,85.33674076516814,280.06585347933367,90.27833883997336,68.85722101602764,56.88541716870402,32.28841697628085,190.29025272051683,0.9834107043471507
2011-06-21,49,50,20,17,35,4,3,89.15380414325979,331.4979259569786,98.74640402557858,73.73575565103796,59.75537568691202,33.028969801980814,190.3293981279682,0.7318387696881612
2011-06-24,41,20,5,30,16,11,6,92.01585111038192,7.5673435668180975,104.8027377039271,77.39751387006248,61.89777352750566,33.56740363953884,190.37623146773902,0.45315773151834526
2011-06-28,16,15,44,30,50,3,2,95.83147049918398,55.72979714380487,112.40843734765683,82.28380538816747,64.74062823446019,34.26122875157491,190.46184943281037,0.11841919396372691
2011-07-01,11,23,31,8,46,9,8,98.69295825596458,94.11308938554646,117.74002559471843,85.95143563151078,66.86223735913843,34.762496475894096,190.5433025039783,0.0015863555183797118
2011-07-05,28,47,29,11,49,5,1,102.50773943269397,149.0959821086911,124.34232242776257,90.84523927791037,69.67651198478613,35.40385181714823,190.67457519480396,0.15903204355695405
2011-07-08,12,13,40,49,23,7,10,105.36816131288232,191.77183358938876,128.90967164748687,94.5181281140478,71.77604096599944,35.863631505036,190.78971374917026,0.4706651904539649
2011-07-12,19,17,42,45,38,9,10,109.18123960369819,248.05101803835117,134.47191403274408,99.41871864904492,74.56045031301598,36.44705853940171,190.96488040987998,0.8770696607130397
2011-07-15,26,6,33,39,34,3,4,112.04101302435495,288.64504411386696,138.22760681382886,103.09700707262287,76.63771630066987,36.86157237365669,191.11205682995222,0.9986875222292482
2011-07-19,16,3,25,35,26,5,9,115.8552696639312,339.4780333741207,142.63102240033908,108.00575594837562,79.39296738941336,37.38216479433895,191.3287616244557,0.8610986076051388
2011-07-22,4,50,15,49,23,2,6,118.717662337163,15.499719671452645,145.43025230809175,111.69087385337431,81.44862558861053,37.74751252651003,191.50625711717817,0.6150407755414299
2011-07-26,5,1,25,48,22,11,3,122.53723801250744,63.666384486546534,148.3904761084299,116.60927646911185,84.17496309985081,38.19957487707948,191.76229911989745,0.243200575908878
2011-07-29,37,38,19,27,12,5,10,125.40446881147042,102.49699954385524,149.9443625121174,120.30170986980289,86.20855474084404,38.51119641225518,191.96844973140864,0.039840399239853774
2011-08-02,8,33,14,24,5,8,3,129.2307084382152,159.11342501462883,150.98215543889125,125.2294226460678,88.90457679380839,38.888518279969205,192.2614578953974,0.06859178042406894
2011-08-05,34,32,18,14,13,1,10,132.1025008460722,202.71267432535265,150.89244259062255,128.92816923775462,90.91466137085112,39.14190547497753,192.4942773597487,0.33610484619664727
2011-08-09,36,24,34,7,23,11,8,135.93416364061846,258.34579255976587,149.55417668917124,133.86336438777693,93.5786743436439,39.439093592815034,192.82124367605854,0.7694906922838682
2011-08-12,7,20,37,10,27,7,4,138.8102387371885,297.8037134761011,147.71256351497829,137.5673950394022,95.56472176044788,39.630759819633326,193.07828149182097,0.966125293241628
2011-08-16,45,18,1,13,17,8,3,142.64919712712242,347.7596270825455,144.53043410038347,142.5098487801607,98.19704924470992,39.843573454343854,193.43595055798878,0.9513089394970867
2011-08-19,16,6,31,28,14,11,2,145.5323138905726,23.616086111792768,142.06488914682322,146.21964221509106,100.15950235729187,39.97033893997018,193.71490463345418,0.7642269788087226
2011-08-23,42,50,6,14,4,2,4,149.3825348857636,71.64316655424194,139.4937633537492,151.17003601490978,102.76015752162134,40.09444780523982,194.1003683758241,0.39612017215474093
2011-08-26,25,45,22,33,12,5,7,152.275117573759,110.55767126525407,138.58972005155582,154.8857548535956,104.69836292707483,40.153156768925164,194.39909032157226,0.12833688664741238
2011-08-30,46,8,2,10,19,5,9,156.13842284432528,168.3116182086879,139.17355087300993,159.84351977472554,107.2655129818659,40.18482428689141,194.8093988494833,0.012938791849963327
2011-09-02,37,12,26,38,44,4,7,159.04039168558398,213.00435844470738,141.02572082228548,163.56393575681832,109.17748317263411,40.1733605699164,195.12551574834106,0.20675471076213148
2011-09-06,42,35,50,48,47,9,8,162.91512419717165,268.69661678787224,145.22975449935254,168.52652499603758,111.70842490459036,40.11121038880835,195.55721072548118,0.6384828169987055
2011-09-09,21,5,34,31,28,2,1,165.82534980036067,307.35139057628214,149.45359186018942,172.2497235561229,113.59279632201935,40.02971873369885,195.88799362699038,0.891340129071762
2011-09-13,28,32,49,9,30,9,10,169.71200034852654,356.4218035089484,156.07494441325997,177.21564163940667,116.08681787913126,39.87510333645034,196.33752352577733,0.9947791479140582
2011-09-16,39,2,42,17,8,3,10,172.63238561778022,32.09109878539517,161.48290287222326,180.9413892946048,117.94331973680944,39.725167680637576,196.68047880760355,0.8852916628763425
2011-09-20,25,38,19,9,36,11,7,176.5342299868398,80.01564276550265,168.9282478327668,185.91087431938988,120.39947824841683,39.48097735573597,197.14468420956518,0.5587246345685336
2011-09-23,6,33,48,14,34,6,2,179.46701038689162,118.74277950762814,174.5264679618074,189.63936668901363,122.22668104775845,39.26557504442078,197.49747315249155,0.2577318690115352
2011-09-27,28,18,40,27,35,3,5,183.3859731108336,176.75961682021435,181.87425872803598,194.61231791863983,124.64191632663086,38.937244979623536,197.97315539477339,0.005369443228825099
2011-09-30,28,15,44,31,5,1,6,186.3311870372097,222.294173587486,187.2536220389886,198.34284301738796,126.43665931601042,38.66189110363771,198.3332244399413,0.09508241663710454
2011-10-04,14,16,23,45,38,8,11,190.26524126700534,278.6017395470335,194.22768023629433,203.31716841682453,128.80633304945155,38.259146492025266,198.8166990128311,0.4879374487846192
2011-10-07,42,34,18,38,26,8,5,193.22086438006633,316.91631919078225,199.3092697217295,207.04775700764424,130.56565439778845,37.93284561232605,199.18116965919745,0.7784090207061214
2011-10-11,12,16,4,1,48,9,10,197.16882171520052,5.319784683591826,205.89681705834155,212.02154739876954,132.88695191487793,37.46927079032446,199.66871138721282,0.9878187545709827
2011-10-14,47,23,12,29,32,3,5,200.13557119829932,40.89074728236382,210.70652565192754,215.75173157356778,134.60904053832027,37.10296508519801,200.03496330227264,0.9666993511520037
2011-10-18,46,18,37,48,23,2,10,204.09955968383835,88.99063557964197,216.95912422810295,220.725295879616,136.87887745019296,36.5940636267763,200.52322611982714,0.7130825991826362
2011-10-21,37,19,2,33,46,5,8,207.0791431356975,127.54779182783265,221.53593828590508,224.455619584971,138.56054511427797,36.20018371200788,200.88876420036118,0.4108984648048885
2011-10-25,39,28,22,12,27,4,10,211.06081012738574,184.97172629839,227.49359502930204,229.42970104309939,140.77319839837594,35.66374802474994,201.37432441587197,0.05296556716556844
2011-10-28,39,16,20,17,50,4,8,214.05327051046268,230.63565528063998,231.85095460719882,233.1603059693572,142.40894221973593,35.25668695610098,201.73641932895504,0.020688635753115914
2011-11-01,20,45,23,14,46,1,11,218.05033864345305,287.68130146350364,237.49642913720618,238.1338282065733,144.55612942376735,34.71335160936721,202.21536351342442,0.3276377092880115
2011-11-04,41,50,11,43,14,9,2,221.05288556152368,326.0917127320494,241.5832428895938,241.86305139421523,146.139982161709,34.30927003653661,202.5709799946832,0.6317307269773647
2011-11-08,40,15,4,29,1,1,5,225.06243493198707,14.157253567912258,246.77185044270038,246.8338126147841,148.21476515089753,33.78042266217137,203.03939401464154,0.9283969856856189
2011-11-11,30,18,1,4,23,3,7,228.07438607514186,49.76797208870577,250.3938076834177,250.56072630602347,149.74176424087813,33.39470389589112,203.3857752523634,0.999376093587441
2011-11-15,47,17,22,6,45,3,11,232.09706389024424,98.47888583376508,254.68406874581626,255.528523350203,151.7365965703346,32.89982929262968,203.84012760254467,0.8449000518522358
2011-11-18,39,44,24,4,12,2,4,235.1193855001014,137.2262281261774,257.3020431238454,259.25345304045453,153.1998638461923,32.546391931359935,204.1746359431537,0.5693832593289798
2011-11-22,16,40,38,24,18,2,4,239.1563383781933,193.70897510837725,259.5566118013449,264.21899195402324,155.103465032231,32.10321757760879,204.61130967477519,0.150298202908847
2011-11-25,34,14,26,19,28,5,8,242.18902584545714,238.61359812985967,259.9169604672584,267.94225357743215,156.49273993116057,31.7948341761358,204.9310751465798,0.0011377054496977124
2011-11-29,25,50,11,45,41,7,2,246.23794859422372,295.89135875340315,258.04752765915845,272.9046876990431,158.2896604859572,31.419654530129566,205.34600061342786,0.1776815180439934
2011-12-02,27,40,7,43,30,9,8,249.27777326152054,334.62046174423295,254.86170354470602,276.6243959306258,159.5931126116283,31.167596630164244,205.64791098453992,0.46195762633330306
2011-12-06,34,21,20,38,19,9,3,253.33435946967623,22.643890097742883,249.46260022456784,281.5803478039823,161.26819405012486,30.873349348316157,206.037126858653,0.8173322181809438
2011-12-09,21,12,47,44,29,2,1,256.3792986743889,58.38334026326171,246.02724016029956,285.2941840832198,162.47441804738804,30.685504047076844,206.31842405755742,0.9757678339170786
2011-12-13,12,37,18,33,7,1,11,260.44263697195044,108.08510625422838,243.78905067496453,290.241404704135,164.0109380956811,30.480530060492754,206.6784410827158,0.9423744070696483
2011-12-16,10,2,23,31,5,5,2,263.492875028721,147.5870076890148,243.98882867325005,293.94823776211723,165.10552259716485,30.36181601100239,206.93655438336674,0.7184646029975729
2011-12-20,14,48,1,9,12,7,1,267.5636462939914,203.49024014311823,246.20208976506532,298.8857495988035,166.4810089452221,30.251285547457996,207.26389020080953,0.2819177500238593
2011-12-23,22,7,24,28,21,1,11,270.6192427183812,247.08523139708035,248.8769010329939,302.58489811627913,167.4443486426174,30.204797142374787,207.49609244162238,0.041356066588033036
2011-12-27,26,21,25,19,44,7,3,274.6954928879876,303.65535778013606,253.30022312810587,307.5107433015697,168.62980175421427,30.191901481832684,207.78696311169605,0.06410439594389444
2011-12-30,36,44,43,16,50,8,7,277.7532730883271,342.56849111073683,257.03801904896864,311.1993047503432,169.4393980915708,30.21907717896368,207.99045398709183,0.29002069457924384
2012-01-03,42,30,45,3,49,5,10,281.83004493648326,30.682163455568684,262.3803035983366,316.10799289795716,170.40519755074706,30.303995100325167,208.24144822468546,0.6631358265717664
2012-01-06,1,6,10,31,12,7,2,284.88705574438353,66.52598236568292,266.5742670710947,319.78146157105255,171.0387650783276,30.403656642491544,208.41397401188277,0.8928527420329639
2012-01-10,9,4,30,10,40,9,2,288.9621633047576,117.29348595605417,272.346730761727,324.66739794410597,171.75370168036625,30.583494916499347,208.62239971509442,0.9937768642889651
2012-01-13,39,13,21,14,27,8,6,292.0179410587669,158.0397121565003,276.78619362390265,328.3221108767384,172.18601248010637,30.752820805468893,208.76208574118357,0.8467263837933544
2012-01-17,12,44,22,30,31,5,6,296.0918411568128,214.21086465286,282.83508211086615,333.1812494313096,172.61346510020016,31.023384889333244,208.92551497389474,0.43061065651157016
2012-01-20,10,28,27,2,22,8,6,299.1467736460443,256.5825516959401,287.4657109033668,336.8146094618603,172.81503781717217,31.259144831808694,209.03052836285025,0.1317034614880342
2012-01-24,1,20,6,2,36,11,8,303.218375396054,311.6658062930524,293.7683076900687,341.64289207311884,172.91551420729402,31.61603677063425,209.14656020400372,0.00698165554029645
2012-01-27,10,19,44,13,39,6,2,306.26989904533247,350.3343297517182,298.59725272940983,345.2504343941031,172.85952918058013,31.914599184628823,209.21531472747088,0.14318040197192905
2012-01-31,43,34,38,9,45,4,2,310.3345119478542,38.457245963305375,305.1832436448645,350.0396908920687,172.6045012027229,32.35216203833137,209.2823906780725,0.4854854779383065
2012-02-03,16,20,19,25,28,1,10,313.37939409785605,74.29841041049137,310.2416632325005,353.61424052154825,172.27592487792748,32.70870348923702,209.31417903799786,0.7580117919114472
2012-02-07,15,3,17,33,28,2,4,317.43415340483324,125.80164667076065,317.1545503458396,358.3545360539358,171.65444367175826,33.22007927382228,209.33187077410534,0.9887036624663976
2012-02-10,3,14,31,41,8,7,11,320.4715341792295,167.90592475374527,322.4671301165354,1.8888152394428548,171.05262777194204,33.62938945608397,209.32666698389144,0.9425620014790541
2012-02-14,36,14,42,46,27,11,8,324.51693945075834,225.21377443336968,329.70719348805954,6.571254371886093,170.075545016253,34.20788233666808,209.29519654445986,0.5829657070859459
2012-02-17,11,4,47,28,38,11,10,327.5477940612898,266.9475923095732,335.2240236012239,10.059293449030312,169.21948978397984,34.665293558987045,209.2532970688786,0.25577572660540016
2012-02-21,11,24,14,25,29,11,7,331.5840974114097,320.39277422222193,342.5949105801508,14.675687530550464,167.93206696749746,35.30504556082447,209.1733418302477,0.011333115602753574
2012-02-24,34,3,12,26,7,10,8,334.60695055550485,358.3920224632488,348.00633809124855,18.109804946938034,166.8744417909631,35.80613463070022,209.0956742104195,0.04416940592619689
2012-02-28,10,48,1,17,33,2,3,338.6305254364549,46.32384385248108,354.7592811132279,22.64673021540544,165.37308124738996,36.500867647244775,208.96926718814152,0.31151898551930407
2012-03-02,44,5,11,6,30,6,2,341.64250562983784,82.07975131061461,359.1848934385618,26.014700947236584,164.2030364150985,37.040673721041124,208.85795130744978,0.5914154240471499
2012-03-06,23,47,27,37,24,6,2,345.65048660529385,133.7785717701534,3.7395235611351363,30.453753195022994,162.62219633674079,37.783699275815856,208.6885691504965,0.9241794169296348
2012-03-09,39,36,32,47,3,6,9,348.6506040002664,176.84364593559604,5.839884034368155,33.74062116682405,161.44680251505972,38.35733297801415,208.54658772743127,0.9931726267716825
2012-03-13,47,1,25,10,43,8,9,352.64364532532005,235.71107189228547,6.620465680209971,38.06121133183381,159.92937807124392,39.14257918623124,208.33852613920948,0.7284203841816116
2012-03-16,12,4,50,3,23,4,7,355.63352521192155,277.5302600444182,5.719230260580182,41.25153313394658,158.8518306543405,39.74595052722578,208.1692637169267,0.39898890856032
2012-03-20,28,30,15,16,46,3,4,359.6134383653423,329.77958865929577,2.9804046104471666,45.43200855576055,157.5273048380462,40.568411853193865,207.92738272147443,0.06897836685534758
2012-03-23,50,15,9,23,31,8,11,2.5929626368361274,6.956984521019149,0.3315500993897233,48.50677921431353,156.6367534694143,41.197782764918536,207.7349483618008,0.002796065459222119
2012-03-27,29,36,27,34,24,7,8,6.557652505972143,54.563732417107786,356.9551708023375,52.51559245728315,155.60795800294903,42.05218592717737,207.4654946442083,0.16599925714035374
2012-03-30,46,17,23,4,36,10,6,9.524721067931136,90.27015219819708,355.05834082578554,55.4459420543649,154.96552072884734,42.703428535102155,207.25506814160028,0.4199375753668423
2012-04-03,1,8,18,25,30,10,9,13.471822841004382,141.7796346677088,353.7720590667341,59.23754712539042,154.28979098294454,43.58425998524763,206.96538664192238,0.8102023462454078
2012-04-06,11,35,45,20,30,2,3,16.4255112675254,185.0919104005357,353.79004690167,61.9838735241887,153.92054081812188,44.25337552256873,206.74265637606993,0.9891237457473572
2012-04-10,37,27,22,25,36,9,5,20.355758615311085,245.2308852690073,355.0186114838989,65.49868000999261,153.60999917275853,45.155734917525585,206.44033846912785,0.8551125824334469
2012-04-13,8,39,43,13,26,3,5,23.298149990296558,287.65083750476845,356.7259216857987,68.01185082589248,153.51074727468932,45.83948947716113,206.21091472068244,0.5505950658201842
2012-04-17,10,28,49,48,33,10,1,27.21474763404031,339.391490745663,359.87765169178493,71.17720849144722,153.5516277103782,46.759461986339915,205.90347300835592,0.16738191460919827
2012-04-20,32,41,29,3,6,11,10,30.14709677938742,15.89029849320565,2.7980765103100023,73.3942184287318,153.7079853544613,47.454894039501184,205.67320023562593,0.016942250975273798
2012-04-24,8,24,48,43,9,3,5,34.049613694788995,63.22147148046569,7.321016763821264,76.10946511056898,154.07636428130257,48.3882075564642,205.3687644007513,0.06361584674749965
2012-04-27,36,43,30,27,20,1,6,36.97072987233489,99.05196942455993,11.129236824684279,77.94023612209519,154.4665065645655,49.09192572159509,205.14384859843452,0.26643967490524495
2012-05-01,4,15,41,5,19,11,9,40.85751545179404,150.36975953778148,16.706595867396718,80.0645729896298,155.12878351326935,50.03401603172477,204.85057959876926,0.6675212577044423
2012-05-04,26,41,40,39,3,1,2,43.76663321315511,193.30907502525312,21.242233869162625,81.38785820576554,155.72500430928278,50.742690859017266,204.63690657507823,0.9311261584955823
2012-05-08,3,34,48,38,21,5,8,47.638338576619574,253.84112434710028,27.745071250440844,82.74206971790963,156.64239710039922,51.68947826287749,204.36212749348257,0.9484680238975622
2012-05-11,1,17,13,44,38,2,11,50.53766012811671,296.94703440065507,32.96195610991252,83.41613820670385,157.4160404449567,52.40043435099275,204.16474542783664,0.7000056093515789
2012-05-15,13,2,50,11,26,5,2,54.3984047137759,348.7556752579441,40.372152112057165,83.81277973250779,158.5540270417438,53.34866904799091,203.9147983030108,0.2959125728117643
2012-05-18,29,50,43,47,13,9,11,57.29034656781153,24.86483060543493,46.26579105095844,83.70687467643164,159.48270024671322,54.05938443773018,203.7383648410589,0.07951004478978047
2012-05-22,31,32,41,16,37,7,1,61.14126629962241,72.1191863494676,54.53625561180198,83.00506714269714,160.8145217607702,55.00530969068717,203.51935600291168,0.009301847785601225
2012-05-25,35,12,22,49,46,2,8,64.02551909001927,108.33444437618294,60.98752147807188,82.06248839882839,161.87912004188706,55.71273168413496,203.36822549263047,0.14367583820489643
2012-05-29,28,17,25,15,8,3,11,67.86565869459812,159.81176846827174,69.76018343289255,80.29947105562839,163.3797924459524,56.65217171621807,203.18544393407583,0.5179537521187672
2012-06-01,26,2,36,14,4,9,10,70.7416051277217,202.14004742608165,76.31928787177291,78.6667889642097,164.5618283890115,57.35321219693273,203.06309269187892,0.8315647945481692
2012-06-05,13,49,37,47,34,8,9,74.57136963257707,262.05834505734487,84.81403459680709,76.2329269743666,166.20718813226463,58.28233599681118,202.920398510847,0.9954274634417746
2012-06-08,11,22,5,34,40,9,11,77.44099282810296,305.4803759874528,90.877382659903,74.35021364670412,167.4897418362727,58.9744455041886,202.82916175101346,0.8331647873437411
2012-06-12,30,26,48,15,8,9,10,81.26479849395837,357.59621610547924,98.44589856801291,71.97205669306403,169.26065408972164,59.890085845385904,202.72919718150854,0.4454435049954303
2012-06-15,48,38,27,22,10,3,7,84.13129754983154,33.58210008143178,103.70139677821315,70.41395124979013,170.63228203374152,60.57074205231367,202.67090253730072,0.18340129136342592
2012-06-19,17,20,50,7,35,5,11,87.95158853540981,80.97903192777056,110.12611601709216,68.77604669164171,172.5159471129703,61.46906092437235,202.6159211465159,0.003753782547621487
2012-06-22,18,14,19,43,49,7,3,90.81544040689398,117.83502525315437,114.4974338076667,67.93506823852638,173.96769946204196,62.135088736908216,202.59199268797286,0.0566361217132309
2012-06-26,11,22,35,20,1,10,8,94.63183454884488,170.00929474552962,119.7055785658177,67.36527379612714,175.9522183544081,63.01167141663676,202.58337333592493,0.3757974741921415
2012-06-29,14,17,28,39,29,11,1,97.4924809673001,211.88875030372793,123.11829324172804,67.34946434737246,177.47499933894093,63.65975803910319,202.59439054766557,0.7078701040928583
2012-07-03,22,7,2,40,27,6,3,101.30497474423375,270.5268633449067,126.94783531652465,67.85018263249879,179.54804704698319,64.51042007212057,202.63225085616477,0.9909377771349769
2012-07-06,40,42,38,31,32,3,1,104.16391330926314,313.6368055417655,129.22133403638904,68.58906977115987,181.13309909363636,65.1376996800034,202.67788281655106,0.9337999796851431
2012-07-10,37,1,24,16,3,8,1,107.97662824310687,5.903452190232943,131.3501050264322,70.00984965410643,183.28513815071636,65.95876554844467,202.76151874788897,0.604309796519118
2012-07-13,18,46,35,25,8,9,4,110.83737318852448,41.904721451023256,132.1933354554145,71.36688588354495,184.9272909573804,66.56227062355167,202.8412139538116,0.321039712653327
2012-07-17,24,2,43,7,46,10,8,114.65366153538235,89.55646772132378,132.2221985086901,73.51501107710229,187.153102591102,67.3492318911815,202.96985026712792,0.04746918566736935
2012-07-20,19,23,10,45,49,9,10,117.5173467788182,127.19548371173087,131.40931878070995,75.34917268490379,188.8487613445482,67.9252266062827,203.0828759180362,0.008960741151929408
2012-07-24,18,25,4,16,44,11,1,121.33728613254787,180.5994542649456,129.34186678852595,78.0521027889744,191.1432021396934,68.67285328844942,203.25518803847393,0.2470866001300452
2012-07-27,15,48,14,23,21,2,10,124.20330703065405,222.45803890890485,127.28648951392601,80.2490781375288,192.88800640245978,69.21738748334097,203.40023386627266,0.5737099232526557
2012-07-31,35,39,4,36,29,9,8,128.0263103999895,279.6899426284192,124.42695744724296,83.37657597770148,195.24457800391323,69.92063939778231,203.61403325609587,0.9398276318011777
2012-08-03,34,35,42,24,46,5,1,130.89547087677033,321.90528710094964,122.64314138657556,85.85486200142678,197.03368273045504,70.43018905042362,203.78922180322138,0.9890826336972542
2012-08-07,20,50,34,46,27,3,2,134.72488136046854,13.887851852971078,121.33506126312678,89.31555918489991,199.4472813370598,71.08445539365049,204.04196944929902,0.7560679722302088
2012-08-10,50,21,17,48,11,9,10,137.60054320387334,49.89418223991538,121.42666781902606,92.0156322818276,201.27829409395255,71.5553083685924,204.24549945011842,0.48088984907971094
2012-08-14,45,16,42,1,38,9,10,141.44010675250829,97.74916660710507,123.15776901250783,95.73849654564094,203.7470094597004,72.15506123110563,204.53487947103815,0.13969010532440562
2012-08-17,19,25,33,44,28,8,2,144.32386722588464,136.10369133647248,125.66438057417463,98.61276490459213,205.61872916566733,72.58271171538506,204.76495856644303,0.006820095115850466
2012-08-21,17,5,38,4,48,4,3,148.17403413955338,191.0692516699053,130.48552425907192,102.54195856329349,208.14054172113927,73.12171163721001,205.08836728125797,0.13556158558398146
2012-08-24,6,5,19,37,12,7,3,151.06518032179656,233.44261394338398,135.0412979475152,105.55430131282486,210.05082673101631,73.50150813662256,205.34282159529363,0.4357643559979957
2012-08-28,1,26,25,44,18,5,4,154.92461529686258,289.62926883957516,142.02657503035852,109.64980888125216,212.62192234515075,73.97391742872684,205.69705648939268,0.8518538119762513
2012-08-31,31,28,16,48,33,11,7,157.82306062123627,330.646099467407,147.68857884302213,112.7763590293245,214.56765956430692,74.30183795164075,205.97336402089425,0.994148624448131
2012-09-04,18,39,17,44,11,10,5,161.69392305349152,21.864292503843,155.46186823343004,117.01266575235964,217.18477225944181,74.70247214699,206.35515975189878,0.8820211218064248
2012-09-07,15,35,13,30,42,4,6,164.6024570786787,57.773554258197976,161.29129683040324,120.23682779497446,219.16462304835645,74.97445024553446,206.65103350629602,0.6457885262459243
2012-09-11,15,6,37,22,44,2,4,168.48831243785747,105.6708091562872,168.91465173022095,124.59294943537083,221.82703646456133,75.29748881312989,207.05746825082818,0.2739343299378867
2012-09-14,27,10,44,23,3,9,7,171.40870395592248,144.4397782517661,174.47040776437242,127.89949404417744,223.84070179130092,75.50898574219656,207.3706968644398,0.05668868090794721
2012-09-18,38,7,39,44,6,7,9,175.31024303776664,200.89301324031595,181.63555339583522,132.35599106264053,226.54768796151353,75.74846039311895,207.7986638022409,0.04955393730539431
2012-09-21,41,4,34,43,19,7,11,178.24166220379206,244.25628946599622,186.82641214804045,135.73129126177471,228.59399710560788,75.89533712917502,208.12673291948659,0.2978145250328724
2012-09-25,48,25,27,49,7,1,4,182.1567103141472,300.0779229465547,193.51352208606582,140.27238748431512,231.34287402226943,76.04661384974749,208.57262973651154,0.7352032981725893
2012-09-28,20,26,30,33,23,6,9,185.09799767203458,339.9467628958283,198.36298519418887,143.70721146754335,233.41934471679318,76.12615310342157,208.91276945480527,0.9510590540610737
2012-10-02,16,42,21,36,4,8,7,189.02715648425246,30.10309063639388,204.62125759721619,148.32374259461025,236.20734547983565,76.18628300272454,209.37305706283638,0.9664167252410487
2012-10-05,19,16,18,21,9,3,2,191.9801675299028,65.821447484117,209.16571352182206,151.81230964333218,238.31280294481576,76.19649177557318,209.7227873243939,0.7956572960135754
2012-10-09,23,8,10,25,2,8,9,195.92627979557102,113.64217193993302,215.02861093684305,156.49635932057194,241.1393069593303,76.16308268819849,210.19427521877913,0.43526486646463963
2012-10-12,35,7,17,43,6,2,8,198.89260605690515,152.41390504010295,219.27351356408352,160.0322026260492,243.2735523740771,76.10258035400489,210.55118083822117,0.15856901266589574
2012-10-16,41,10,40,49,32,2,8,202.85638929906736,209.7524396549586,224.7084138897969,164.77439311814132,246.13810883885796,75.97475157201288,211.03049980561326,0.0038470759199369375
2012-10-19,16,40,44,37,29,8,10,205.83511174196062,254.29784788870708,228.58640335139194,168.35000369983268,248.3002616985946,75.84394537482297,211.39187544576924,0.16817294430130914
2012-10-23,1,35,38,50,28,2,10,209.8136235455526,310.52963099133757,233.41794055986207,173.14062218562347,251.20050635830614,75.6241698559428,211.87518182739305,0.5948123222448147
2012-10-26,9,5,6,38,27,5,11,212.802441549153,349.60098806746953,236.7043280094334,176.7499817009134,253.38813567118893,75.4264130975911,212.2380978246921,0.8642517968935701
2012-10-30,23,44,25,24,31,2,3,216.79445086965544,38.69865862836046,240.4439117971387,181.58328173936988,256.3210643157428,75.12068674146377,212.72166432302512,0.9995515571989291
2012-11-02,6,10,3,44,11,3,4,219.79401139572178,74.22279495868139,242.56582649348954,185.22311139995705,258.5326594425462,74.86129946016858,213.08349787828251,0.9123594164248905
2012-11-06,35,25,20,41,7,1,9,223.80124394421284,122.04445925528219,244.05779011426608,190.09473204596983,261.4971440041189,74.47782733294434,213.5639219123096,0.6030273249571177
2012-11-09,47,28,14,21,22,5,4,226.81267990565672,160.55182591900706,243.80858321415772,193.7613350802492,263.73216584839383,74.16400857019012,213.922087969676,0.30102577781451034
2012-11-13,29,11,21,24,16,6,2,230.8356741481761,217.81883699685844,241.22553924362322,198.6655450556786,266.7274552380793,73.71409875657099,214.3957725453831,0.013311896346884011
2012-11-16,15,19,41,23,10,2,9,233.8580473229326,263.2226042174411,237.7487727954574,202.35386603965947,268.9849293402724,73.35586070914857,214.7473970602203,0.06400953153550593
2012-11-20,42,28,45,30,49,10,5,237.89339170521635,320.4142905613204,232.47767565075478,207.2833557795022,272.0085670212343,72.8551595325145,215.21028704743338,0.4368918738888803
2012-11-23,11,20,40,9,1,5,1,240.9234399347288,359.1979904909883,229.4707693266327,210.98844755428362,274.2858550702508,72.46573515366235,215.5523042340043,0.7381925023551559
2012-11-27,49,44,6,10,23,7,1,244.96808021143298,47.518175615786745,227.99232056605663,215.93848511247288,277.3342679900669,71.93299439651653,216.00052264596033,0.9771811431646982
2012-11-30,18,23,40,24,10,3,4,248.00513564431512,82.9481543128253,228.77035280232042,219.65803283732924,279.629289020761,71.52677120261704,216.3302084956531,0.9825645118299655
2012-12-04,29,5,28,44,10,2,4,252.05953088276647,131.07611840642542,231.6805720274169,224.62611897204636,282.7005761046221,70.98143413734452,216.76021966572105,0.7570038633250007
2012-12-07,10,18,31,42,16,2,5,255.10417697032722,169.40739546989352,234.80535038411097,228.35819459599338,285.0122776129777,70.57324469541568,217.07489470472464,0.46371006504464324
2012-12-11,50,4,9,1,43,6,8,259.1686516486679,225.8310640104482,239.73018923663219,233.34132349429717,288.1051646076257,70.03545995899276,217.48299421708526,0.08206112693158257
2012-12-14,40,29,11,43,10,11,3,262.220085323573,271.26451615322947,243.7753564875616,237.0830241904053,290.43233696015193,69.640742414121,217.7797257081157,0.006902910988773325
2012-12-18,35,14,44,18,20,5,2,266.29127908181516,329.3568633324259,249.44538168122523,242.0763712928003,293.54418371489487,69.1314383337978,218.1618307998165,0.2755717983218419
2012-12-21,40,5,3,42,22,3,10,269.34575646185186,8.3048102577081,253.83015683403315,245.82402729263998,295.8839888921952,68.76569245896916,218.43758610501956,0.5801972153815104
2012-12-25,14,20,32,23,18,3,10,273.4192465047114,56.27063723536093,259.79252941033167,250.8239765609626,299.0107004871464,68.30424450571988,218.78993954100406,0.8992960957834221
2012-12-28,26,49,27,24,17,3,5,276.47494390091026,91.7494794963571,264.3309696962096,254.57610762431773,301.3605185723577,67.98059793700592,219.04213222892633,0.99768388136072
2013-01-01,36,49,2,7,8,11,1,280.5500574626501,140.58135653078995,270.45960600207644,259.58168679038573,304.49947744146453,67.58265381565623,219.36143854665335,0.8814649416718414
2013-01-04,4,10,27,22,41,10,8,283.60713487054045,179.16489517571802,275.11403267593954,263.33782245133006,306.8578135050298,67.31162150470047,219.58761501552698,0.6254323205048185
2013-01-08,22,26,47,2,20,9,5,287.68420148195713,234.66580645733276,281.40384670319105,268.3482918394031,310.00733990419104,66.98979067924549,219.87054083998245,0.19839054803373285
2013-01-11,37,22,29,4,41,7,4,290.7422580993036,279.2597970472108,286.1912605815431,272.1073857198296,312.3728503847456,66.77993765260763,220.06811300032373,0.010695554363613025
2013-01-15,47,42,22,40,38,11,1,294.8186180323153,337.4507238014649,292.6797351763371,277.12020525386424,315.53032053746597,66.54449746547245,220.31116097569384,0.13445125998159063
2013-01-18,39,26,27,30,4,10,3,297.87410530896,16.70479632447317,297.63291529275295,280.8797921057934,317.9001966591284,66.40236706583862,220.47765068041988,0.4056734971722347
2013-01-22,45,10,48,1,44,4,1,301.9448215733184,64.68299371824513,304.36139837206207,285.89215635063516,321.0613669496318,66.25987138807949,220.67795707541686,0.7715536987828429
2013-01-25,3,10,37,18,31,2,4,304.9951966967132,100.3084030916449,309.5014830809359,289.6510692238937,323.4327251363809,66.18865377963726,220.8115535454542,0.953804482052381
2013-01-29,9,16,36,26,39,6,2,309.058828305105,150.10584343284697,316.46471799065364,294.66253703314715,326.5945981817784,66.14145869740625,220.96699407349178,0.9648547691940078
2013-02-01,37,5,34,38,21,1,6,312.1040662437814,189.48362320987417,321.73912049608094,298.4209199945209,328.96575661963055,66.14185093229656,221.06622688683973,0.7702138653104778
2013-02-05,25,6,45,40,31,6,7,316.1613005798185,244.68670430775973,328.74393433551165,303.4318623494759,332.1266092586013,66.18989176302811,221.17492287207463,0.3412536200153554
2013-02-08,14,44,11,34,9,11,10,319.20171342207584,288.08975054847724,333.8523267973659,307.1896930127511,334.49636547764055,66.26135524493085,221.23842071443445,0.072440899138356
2013-02-12,28,25,5,11,16,7,9,323.2511902034907,345.28365313236566,340.16072306229285,312.1989472724894,337.65397650250924,66.40335678342254,221.29871604270087,0.03847526868509821
2013-02-15,2,4,42,28,22,4,9,326.2840712956271,24.563815760183438,344.20203125878123,315.954480295494,340.0198908428788,66.54428161167932,221.32556718050958,0.23907865937467776
2013-02-19,28,30,44,12,15,9,8,330.3212970186633,72.68935441529395,348.0992962724238,320.9594847804635,343.1703930112999,66.7768278355004,221.33691597079385,0.6083368680244082
2013-02-22,15,37,36,16,28,2,11,333.34395989031617,108.46078700447848,349.5276653744058,324.7113241864681,345.5297155708344,66.9837268028241,221.3271974026701,0.8539992641318604
2013-02-26,12,13,17,3,30,6,2,337.36717106944553,159.17137414460205,349.14010050446325,329.7112336107169,348.6701970549049,67.30135909422228,221.29017869028306,0.9980292360497359
2013-03-01,1,11,36,29,42,4,5,340.37959052286436,199.7119849365375,347.26431401316233,333.4593813202704,351.0213658812529,67.56984187299743,221.2445813578997,0.8871166350809541
2013-03-05,33,31,19,8,39,7,2,344.39005553688725,255.54195114116766,343.4564212810054,338.4547522585298,354.1504580109143,67.96668085845147,221.1603640353453,0.49147781914473426
2013-03-08,20,42,23,28,3,8,11,347.393456033025,298.0276673264487,340.4331107988293,342.1996387582345,356.49270844497124,68.29250376890232,221.07993772916308,0.17591575834512263
2013-03-12,50,4,10,2,22,5,8,351.39147902427413,353.5377128915084,337.2385473379167,347.1901792018877,359.6089754087758,68.76307147153997,220.9503184543103,0.001626767530197859
2013-03-15,24,14,39,4,21,10,3,354.3844066894667,32.342434153838504,335.8657878976238,350.9306438902322,1.9405313862853688,69.14198630901156,220.83691340415305,0.10659918291539394
2013-03-19,44,32,19,37,35,9,1,358.3666481050768,80.4906838747768,335.5171010101214,355.91411309279255,5.040919616328799,69.68007675063453,220.66519477086473,0.432602369371288
2013-03-22,27,32,12,34,49,9,8,1.346773761812521,116.32982090456582,336.2678023294296,359.64862723049777,7.359505631562914,70.10705458605113,220.52184650678396,0.7111669812965801
2013-03-26,44,30,26,42,4,6,11,5.311528019824836,167.59033141178162,338.39228142675597,4.623763737724597,10.441577743696552,70.70578354305094,220.31260596993195,0.9751789430414601
2013-03-29,44,30,46,43,13,9,5,8.278875943881902,209.28337537602286,340.6794864561863,8.352070452261048,12.745969927086472,71.17574866722784,220.14302018312375,0.9666798334260844
2013-04-02,17,12,41,29,25,1,4,12.22791795057792,266.49889459608494,344.47604929415553,13.319450928238378,15.80894551470378,71.82874681731504,219.9014253137056,0.6371626353048756
2013-04-05,32,1,17,39,11,7,2,15.184585470677549,308.67545456754226,347.791585428429,17.04239266048675,18.098980189288337,72.33734488607945,219.70962869200667,0.3032344749018162
2013-04-09,15,44,48,38,35,10,5,19.11992566475698,2.508341365491026,352.7387052524223,22.002728165880637,21.142410445938786,73.0392265079751,219.4414311552847,0.022197008904445203
2013-04-12,28,45,15,5,10,3,9,22.06583433631268,40.47288059819518,356.79802331675046,25.719988396479387,23.417111746821416,73.58243025835809,219.23220324647468,0.02553985157808908
2013-04-16,33,50,22,1,11,4,6,25.985593606413197,88.42143789512768,2.6328048145105396,30.671883792647264,26.438944366020923,74.32751852322359,218.94444855831628,0.2696718508547059
2013-04-19,1,46,8,42,48,4,7,28.919055649171465,124.25195912950808,7.3095029862581935,34.38223907379162,28.69666413080984,74.90087766104465,218.72343548967825,0.5467893594667228
2013-04-23,50,4,1,7,10,4,11,32.8218245156826,175.5930405366157,13.936805569456515,39.32446468592889,31.69511054663782,75.68323351828293,218.42386613138004,0.8979161797777349
2013-04-26,40,38,16,24,11,2,5,35.74286392214285,218.03195676075597,19.202008901225312,43.027534821702474,33.93502596273082,76.28245545148808,218.1968867284533,0.9995115118032477
2013-04-30,13,50,40,43,36,9,5,39.63060165832052,276.8919728097667,26.620971337201446,47.96062311597906,36.90988800702138,77.09681204431621,217.8931065287802,0.7708130849780308
2013-05-03,5,49,34,3,40,2,3,42.54190608524706,319.36254479923946,32.48441419813985,51.65754537714361,39.132405910527496,77.71839219503255,217.66573016405735,0.44264911721165395
2013-05-07,43,27,13,28,42,4,6,46.4180694770964,12.015244740449123,40.67947106703078,56.58311890495907,42.08418028076346,78.56048474333272,217.3651873208615,0.08919225643097783
2013-05-10,48,35,45,1,32,4,11,49.32084373716572,49.09567193474564,47.06343037205064,60.27442804442353,44.289084173583326,79.20121795577579,217.14316983212046,1.7548072459960817e-05
2013-05-14,24,7,8,36,27,11,5,53.18499572863463,96.73234887976292,55.75886739033967,65.19200283549517,47.216651507238176,80.06647180156781,216.85372338670146,0.1388967869076595
2013-05-17,25,24,50,6,20,9,10,56.078247408288604,132.5633847800506,62.2797758625234,68.87682776699143,49.40287708793918,80.72275315635433,216.64291271041054,0.3841351114305838
2013-05-21,29,19,8,28,7,9,5,59.9293532841913,183.67733724350003,70.73796165910689,73.78516987720359,52.30504381434777,81.60635235633771,216.3720380774903,0.778120146505265
2013-05-24,22,17,40,7,27,2,3,62.81303716767842,226.2628918511123,76.76099777566529,77.46280353185506,54.4720937292624,82.27469846073724,216.1776746214212,0.9797523768033201
2013-05-28,34,38,13,8,26,3,11,66.65285283161624,286.4014168194331,84.22032292868909,82.36179863805263,57.34905824368758,83.17239352752695,215.93174193861825,0.8835578108098786
2013-05-31,29,43,28,34,27,10,5,69.52982166313832,329.5226272177507,89.3328563981032,86.0330416091785,59.49773048828983,83.85001413852278,215.7581676116761,0.5874523910907933
2013-06-04,34,33,40,31,37,6,1,73.36276474699359,21.640986685031866,95.46747694022552,90.92438636644742,62.35070255011937,84.75841555425676,215.54264494574312,0.1916426142481577
2013-06-07,14,26,45,50,7,2,7,76.23528546303517,58.05354333302737,99.53809130768084,94.59010715450734,64.48137815439077,85.44270026213644,215.39387491182356,0.025509562794923946
2013-06-11,7,9,25,5,41,5,1,80.06218926858526,105.45830066397676,104.22361487894317,99.47365423430865,67.30994828232603,86.35796124266619,215.21393271233086,0.05003814699179415
2013-06-14,41,25,48,10,47,6,10,82.9298816119113,141.41861069125346,107.14607241105014,103.13293383433727,69.42197611345222,87.04581497942753,215.09353299284757,0.2406910353690911
2013-06-18,24,33,17,41,44,11,1,86.75002997183113,192.3168768632231,110.18262384375775,108.00692298912867,72.2253361062559,87.96374610430618,214.9533201605961,0.6347891478162269
2013-06-21,30,11,36,45,10,1,2,89.61271575036031,234.56147009292732,111.75684912072165,111.65829878337165,74.31838804367514,88.65210227510266,214.86388146007152,0.9102716532579659
2013-06-25,4,13,35,27,5,2,1,93.42735483265768,295.1307661551291,112.83588027704067,116.52120231859988,77.09687303868746,89.56892858074724,214.76611388290323,0.9630109439533348
2013-06-28,15,1,47,28,35,7,1,96.2876230773054,338.8747855615088,112.84718956278317,120.16439169440228,79.17189763985309,90.25529098236892,214.70920300471698,0.72983835680332
2013-07-02,14,13,11,28,30,4,5,100.10151953110349,30.982393079474285,111.83358705457665,125.01696975026711,81.92710299437455,91.16792923511994,214.65564979437494,0.32221773271096893
2013-07-05,28,4,33,12,15,1,10,102.96238402046751,67.04515728746425,110.42012088375374,128.65259384903175,83.98485901276719,91.8498507938161,214.63250498438651,0.09591452698763459
2013-07-09,18,16,38,49,31,10,4,106.77742060544752,114.42525009005139,108.01277992871383,133.49455342936372,86.71681017681213,92.75458854809828,214.62461921745847,0.00627741130524806
2013-07-12,26,42,33,18,32,3,2,109.63900020886626,150.7317707227371,106.15429875577496,137.12141564395262,88.75684678544285,93.42901928374002,214.6360264009591,0.12589464625331637
2013-07-16,50,34,47,19,23,4,6,113.45464967800761,201.7413068623954,104.1481670677067,141.95025693815953,91.46483970510444,94.32166019334196,214.67431623536072,0.4862401075758592
2013-07-19,24,35,13,26,16,5,2,116.31655464535997,243.48170649434002,103.3149851466767,145.56603323180425,93.4868010598878,94.98547923078802,214.72022425004153,0.8032520257283688
2013-07-23,19,14,44,16,15,4,5,120.13334539828453,303.5215855542304,103.40903534654502,150.3786285930272,96.17103420661748,95.8621063642436,214.80405815882676,0.9973124410167516
2013-07-26,23,38,29,12,49,4,3,122.99755441729239,347.4658424708354,104.4862575940834,153.98167450603083,98.17577834855435,96.51265219785557,214.88368296598716,0.8564108274148854
2013-07-30,3,14,4,11,43,1,6,126.81996494319408,39.79147622618095,107.29854761729929,158.77735625759502,100.83788178120683,97.369874847143,215.01190190655817,0.4740552255601753
2013-08-02,42,36,48,37,21,7,4,129.6898318433426,75.78382160283829,110.41077580216717,162.36778259777572,102.82630014894694,98.00440387778337,215.12441009558844,0.20639849046640563
2013-08-06,17,47,16,49,31,3,11,133.52050856150825,123.3420846885214,115.79667400242963,167.14608540124547,105.46644685048317,98.83802994624193,215.29584444636552,0.009514489719516017
2013-08-09,24,4,23,7,9,9,8,136.39655214501312,160.21558549056792,120.64756346552753,170.72257573691232,107.43807533471178,99.45307213819622,215.44016710061786,0.0449221032031038
2013-08-13,5,20,47,17,50,1,4,140.23502782719808,211.8676934687949,127.94517265921812,175.48051875302139,110.05536029573238,100.25827692544618,215.65302107737466,0.34435233288120326
2013-08-16,39,20,24,37,27,5,10,143.11654161794047,253.303396120758,133.82499575938994,179.04005034692054,112.00958687516989,100.85020364468096,215.82751714237787,0.6742312863886297
2013-08-20,42,11,50,49,5,8,11,146.96244865545336,312.1432543579812,141.88944773386578,183.77299043114547,114.60377834883799,101.62235440871403,216.07924721964446,0.9815601267795032
2013-08-23,30,37,26,6,1,8,5,149.85053932304078,355.6281080813507,147.93248758037643,187.3124066542091,116.54113580041731,102.18792652066851,216.28186198016832,0.9498987015892378
2013-08-27,7,40,38,43,30,6,2,153.70748741535812,48.038448610357506,155.81816585150196,192.0176898087613,119.11354606040697,102.92278561854319,216.5697967812492,0.6353420278121787
2013-08-30,45,25,17,36,2,5,9,156.6053782080014,84.11263346801681,161.54509038402594,195.5360250721444,121.03479061515999,103.45856753665485,216.79865816460259,0.35072508667117985
2013-09-03,5,18,16,42,9,7,9,160.4763725400577,131.92744893786352,168.89740711754163,200.21231711038465,123.58542068052506,104.1509615323605,217.1203434238297,0.0625363046557052
2013-09-06,25,11,32,23,37,7,4,163.38486736731647,169.47617605730088,174.19598148230745,203.70768285048268,125.48984983592462,104.65271113572331,217.37350003554835,0.0041498948990952855
2013-09-10,7,28,30,14,11,2,10,167.26942195465537,222.33311683178403,180.9819460127274,208.3508082138744,128.01726273768725,105.2967566953734,217.7260763716662,0.21543983744985012
2013-09-13,14,27,6,4,33,10,5,170.18740626406847,263.9394086039508,185.87104514700837,211.81869992793582,129.90373442687613,105.76005962869395,218.0011728299589,0.5350892891511053
2013-09-17,44,17,21,42,13,11,9,174.08407764591524,321.4331615605738,192.13404756756054,216.42095852627233,132.40690509807453,106.35012381689883,218.38126749955552,0.9198147578395528
2013-09-20,5,11,38,35,45,2,3,177.0115732697936,3.847113325578319,196.64405917083442,219.85508362782807,134.27535898344672,106.77101722357247,218.67572407942012,0.9959447330190079
2013-09-24,43,20,10,28,26,9,11,180.92262483521952,55.921748173854546,202.40671365718686,224.4089509774349,136.75489623395413,107.30189861113767,219.08005973550038,0.7873560236159466
2013-09-27,41,15,11,38,43,6,2,183.86226247973985,92.07684586703347,206.5321607439785,227.80460190913368,138.60563955114583,107.67623128830846,219.3915835351013,0.516661432600148
2013-10-01,19,44,48,25,23,9,8,187.79054895662546,140.05648474863307,211.74171402220495,232.30384491776564,141.06096222408445,108.14186358138572,219.8171714772058,0.16590662547146695
2013-10-04,50,35,6,24,20,5,10,190.74324120659173,178.1676819902766,215.39497978888727,235.65527573427033,142.89276092260718,108.46480071877869,220.14344064918538,0.012905228331904106
2013-10-08,23,24,33,42,26,5,3,194.6882259516268,232.58617110216917,219.84123450898446,240.0896750363738,145.32147779777844,108.8586571982657,220.58697302272515,0.10615709201364665
2013-10-11,6,17,23,12,43,5,9,197.6524403785185,274.9606120107046,222.76503515246628,243.3866584237266,147.13229264630556,109.12546726411665,220.92532526505235,0.3924620428922823
2013-10-15,39,18,27,43,47,7,4,201.6114953784726,331.4967653355971,225.9093039142709,247.7385687861213,149.53206165013773,109.44179247832189,221.38306928930814,0.8207867119221739
2013-10-18,25,36,47,46,5,2,6,204.58600534094992,12.544280090365891,227.49716803831234,250.96538452612975,151.3208521968471,109.64865055507553,221.7307003212792,0.9886544754899436
2013-10-22,39,33,29,44,41,9,11,208.55969696575355,63.797200261386415,228.18333545506943,255.2123971788706,153.691051820013,109.88270067504631,222.1991166433068,0.9085418425732141
2013-10-25,2,31,38,3,10,6,10,211.54617503809843,99.92307386573923,227.31984822072977,258.351825258091,155.4572423452309,110.02602706890247,222.55353560481734,0.6845983145325656
2013-10-29,32,9,10,30,37,6,2,215.53671433748423,147.88148760307902,224.10480957479578,262.46935743878925,157.79608579350145,110.17291339724866,223.02935782049823,0.31214890900743164
2013-11-01,19,33,29,30,7,3,8,218.53595953065238,186.2119304849464,220.48204873997844,265.5003214139969,159.5374297111193,110.24914061135401,223.38803769025373,0.07870890136450137
2013-11-05,35,38,12,13,6,2,3,222.54275519059772,242.07282572343195,215.56762651134972,269.45470182599473,161.84088327015343,110.3046259980806,223.86769716787433,0.028895976907291065
2013-11-08,35,20,42,43,28,8,10,225.55294049904953,285.7087399473241,213.09976750451898,272.3461353760329,163.5538517837795,110.3112710305577,224.22778553025745,0.2525328883750324
2013-11-12,29,48,40,37,14,11,2,229.57229509557618,342.04490090149153,212.41496202971348,276.08574714096926,165.81737463189066,110.27341302950833,224.70731341951063,0.6924889215783299
2013-11-15,13,42,3,15,29,4,1,232.5909229783069,21.85851925983321,213.74834351421424,278.79084789875685,167.49926444030473,110.21012043678066,225.06585476668246,0.9302006569784942
2013-11-19,45,14,19,36,15,1,10,236.62154978595999,72.00504238393874,217.3121229642496,282.2440476017955,169.7200786885687,110.07955230756056,225.54153347136022,0.9815593021850038
2013-11-22,40,26,13,25,50,8,9,239.64914852438403,107.97895656423862,220.85969178733657,284.7029014224631,171.36867802820592,109.94735481196905,225.895897786271,0.8316572039332601
2013-11-26,44,27,23,42,19,5,3,243.69232328984037,155.8057062171659,226.2609242556403,287.7799066908401,173.5426616333992,109.72622777658049,226.36425805607482,0.4831249911275336
2013-11-29,10,23,7,2,43,4,7,246.72942363812223,193.9631763744554,230.60189311658442,289.9154328981679,175.15377969525647,109.52756530740835,226.71176651846892,0.19878246436549774
2013-12-03,32,6,29,15,13,2,9,250.7845659654747,250.5634860078746,236.59197596489395,292.4968211897567,177.273894846808,109.2206458631552,227.16905021854075,0.0006055307402408894
2013-12-06,18,31,36,2,1,7,10,253.8293224237409,295.5405968822406,241.16609469527918,294.2038986743349,178.84136331809665,108.96053878117135,227.50671734209476,0.12764413117882178
2013-12-10,49,50,24,6,35,7,1,257.89213479730836,352.49128587800254,247.31986754359949,296.12420640985124,180.8991527112935,108.57682438953265,227.94880349100853,0.541714330570047
2013-12-13,24,22,23,1,31,6,11,260.9410397604129,31.55537744042047,251.95997855090027,297.2597037290058,182.41722662885226,108.26367076268166,228.27359439325065,0.8267620814168468
2013-12-17,41,6,8,37,27,7,10,265.0085484715326,80.66582782943308,258.17313942826974,298.3107879578396,184.40583315477647,107.81591378150485,228.69670323075408,0.997585665975618
2013-12-20,13,22,17,43,12,10,3,268.0610357913514,116.44480008500358,262.8552093395588,298.7154932121267,185.8691044999417,107.46005138874568,229.0059558486068,0.9383141560748357
2013-12-24,5,31,43,50,19,6,2,272.13361669354344,164.2383114137592,269.13672995861407,298.6998616803891,187.7797243242328,106.96300035976158,229.40658490261373,0.6544550919512836
2013-12-27,1,22,6,13,28,10,5,275.18998509445385,202.07206264753697,273.88521881191275,298.2551021313126,189.1800732302077,106.5763472928718,229.69761420270342,0.3559941641599313
2013-12-31,29,45,24,20,13,7,3,279.2672767647349,258.46149189527273,280.27903006509666,297.09226086500973,190.99971360759966,106.04718966041091,230.07203813420378,0.03324150225008449
2014-01-03,3,44,27,38,31,3,8,282.3260538771557,304.2219298154408,285.12873440343105,295.82739611467855,192.32586954760916,105.64371563669174,230.34192010213496,0.03768098569715289
2014-01-07,2,45,20,27,33,6,10,286.4039412583339,2.2119558025040624,291.6739835272083,293.7215348778475,194.0385387841227,105.10250930671796,230.68617018117442,0.3787187225877076
2014-01-10,1,27,2,11,29,10,1,289.461192888843,41.14031680623111,296.64082531780747,291.93755871827375,195.27880078145836,104.69793316360908,230.93205474195724,0.6864457812832756
2014-01-14,25,18,20,26,37,11,10,293.53556594186375,89.59577032812712,303.3226736287225,289.4916685080382,196.8694543873203,104.1655130601422,231.2426922484528,0.955873701007371
2014-01-17,26,19,33,42,32,10,4,296.589899623258,125.24432836465256,308.34699271673253,287.7568288629314,198.0119140962178,103.77486495549341,231.4622289914192,0.9924472757026082
2014-01-21,4,42,35,48,12,5,8,300.6605350180074,173.293276400359,314.9660319158462,285.7737394776288,199.46222284434072,103.27035768950921,231.73623241060176,0.8038319292167375
2014-01-24,19,41,35,34,5,1,5,303.7122340767014,211.03479939747666,319.7469682834448,284.63494479480664,200.49082271755623,102.9073788333835,231.92715572601105,0.5248693481326755
2014-01-28,18,23,48,20,42,2,9,307.7793198706444,266.6636994785322,325.5661850840604,283.6682692009898,201.77602574218514,102.44837185004583,232.16145652431464,0.12327182227178485
2014-01-31,10,15,31,8,16,8,9,310.8276836955176,312.22677304264585,329.18697795355695,283.3772523583998,202.66976060192812,102.12576690244745,232.32142326799732,0.0020008592924280477
2014-02-04,37,1,33,21,38,8,4,314.8881323534146,10.910983943603025,332.3912361790293,283.55576069344517,203.76000790734662,101.72847909306779,232.5129778882997,0.22181935518679174
2014-02-07,17,19,47,3,46,9,10,317.92954558121704,50.14429690994481,333.1424463133065,284.08966112181787,204.49656274604564,101.45747586301822,232.63996267285216,0.5213199968328931
2014-02-11,47,25,8,17,41,1,2,321.97892373534705,98.43144320732628,331.64276230197726,285.28704119489,205.36276838367596,101.13482596237698,232.78660089641338,0.8615579689385269
2014-02-14,19,39,4,2,6,2,7,325.01155571589004,134.0719334503403,328.9318493335844,286.5133779847696,205.9197317546545,100.92334846203707,232.87931547208325,0.9892404775668988
2014-02-18,36,37,26,23,49,6,7,329.049396554437,182.70485417824284,324.4192417660241,288.53346988503813,206.52946698880405,100.68382939683778,232.97957078889297,0.9161963604883974
2014-02-21,28,13,17,30,32,5,7,332.073751644838,220.84527622921462,321.36318181346047,290.30313114112414,206.8802995465674,100.53698993042805,233.03702579794196,0.6827346649190551
2014-02-25,42,21,25,28,35,6,4,336.10109415709854,275.90333007853536,318.70928388296034,292.9558431221434,207.1956251204087,100.38608760453049,233.08969442106653,0.2517419100249172
2014-02-28,38,44,32,12,43,2,7,339.1175188530486,320.4882210489198,317.98530103609613,295.13641740559575,207.3108821848635,100.30722095395153,233.11108855345867,0.027251767670877503
2014-03-04,3,22,5,27,44,6,1,343.1329093910242,18.865192137808656,318.56937359111527,298.2613024879524,207.29466314155758,100.24843724429016,233.1154133579611,0.09522497217350567
2014-03-07,38,10,40,5,41,1,8,346.13874326706093,58.42621249800479,319.9710310764813,300.7468063451396,207.15122431034771,100.2392161953114,233.10061758633572,0.3501327482417723
2014-03-11,1,4,44,33,23,8,7,350.13823387324436,106.88364053674701,322.84122247461494,304.22453210012736,206.78159613696727,100.27305260312399,233.05716757155355,0.7250207274015497
2014-03-14,30,24,6,27,25,9,5,353.1315933355299,142.6091298965553,325.589672276795,306.9412413231449,206.3697970511506,100.33256346909796,233.0070782599452,0.9297060856633483
2014-03-18,27,36,34,8,39,5,10,357.11470044086684,192.01642228917376,329.8809405819723,310.69006622595924,205.64292833834207,100.45655284419854,232.91745394451183,0.9829636112041417
2014-03-21,37,7,39,30,42,7,5,0.09639061516585737,231.0575075955268,333.4889105029647,313.5859784310065,204.9679466122816,100.58235555383514,232.83349146857756,0.8158378337748262
2014-03-25,28,50,26,7,20,8,2,4.06508895461328,286.2577266891922,338.7383429366937,317.5456554497635,203.90447877512983,100.79283849159141,232.69984408925228,0.39572239070554455
2014-03-28,3,43,19,28,4,3,7,7.036571734662552,329.69373368213803,342.9685427315704,320.5804242219165,202.9949077449157,100.98208302312497,232.58384334821875,0.1034202620843957
2014-04-01,44,38,18,16,26,10,8,10.991253845913404,26.75757389686603,348.96725982119733,324.7016660889244,201.65591838590518,101.2751388652565,232.40911470505156,0.019195570153834718
2014-04-04,50,45,28,6,10,10,11,13.951153175531628,66.26744960452643,353.72395623570145,327.8420034048345,200.57746595908333,101.52454610279973,232.2638399702923,0.19645664265843643
2014-04-08,42,11,29,18,49,11,4,17.88890575816536,114.93025936708251,0.40557470743752283,332.087193095102,199.07522628269436,101.894985482853,232.05253203360016,0.5624679309406868
2014-04-11,8,33,30,12,19,4,11,20.835574074785335,150.7423632131431,5.674280749407839,335.31041089480476,197.92560727859035,102.20009006127573,231.8818329071889,0.8207138395839861
2014-04-15,14,50,47,26,3,7,11,24.755956538020573,200.86583009624712,13.050547753737353,339.6553097488648,196.3999341089673,102.64158590718795,231.63944709535932,0.9988747315452167
2014-04-18,21,47,31,39,24,3,7,27.69037390150774,241.09867664206132,18.849148054669005,342.9464330738585,195.28608985212185,102.99762611902585,231.4476182155345,0.9170552874282374
2014-04-22,20,46,15,24,13,8,1,31.596075784233395,297.25075722251637,26.923175816608556,347.3737391015156,193.87605097000232,103.50409210354263,231.18003733725843,0.539407350096987
2014-04-25,13,49,44,21,24,9,1,34.52066583001395,339.8811970140694,33.202092052792835,350.72063105456635,192.89671307783425,103.90682272864564,230.97163587858682,0.21233872564723766
2014-04-29,35,26,18,23,44,3,11,38.41378984682453,35.18571605373481,41.761306998591905,355.2139357408193,191.72413707586003,104.47291789619877,230.68532828754417,0.0008394149255183114
2014-05-02,30,42,4,31,38,11,2,41.32847578795778,74.15986281987178,48.19476380423513,358.6043093579386,190.96098632678658,104.9182900137824,230.46563900640913,0.08138571595252214
2014-05-06,37,5,19,31,24,9,1,45.207336260631216,122.81005597400213,56.54994153553986,3.148966477463026,190.1158729810049,105.53822496464593,230.16818097332165,0.3946594334495912
2014-05-09,45,28,3,26,21,10,7,48.110859558050045,158.62830200817567,62.48248672795152,6.574062512141048,189.6185867612624,106.02164201855737,229.9430862181136,0.6759214011428404
2014-05-13,47,34,13,30,4,6,2,51.975032165995515,209.17951474251802,69.75613362636177,11.161358213304789,189.1423034321325,106.68924866973617,229.6422986275757,0.9614797640628736
2014-05-16,26,23,37,29,40,4,3,54.868311658565815,250.55681789111003,74.65191626129754,14.616409919995856,188.92508008790543,107.20624923722924,229.41752800088273,0.9803126293493662
2014-05-20,38,5,36,33,47,4,9,58.720748010291345,308.2227549683759,80.3652091252136,19.241556364405028,188.81882996529728,107.9160265913035,229.12078836035099,0.6757496740147526
2014-05-23,31,3,47,8,34,11,9,61.60684562534712,350.60366987554033,84.00811835227817,22.723292786724294,188.87347796202832,108.46290563251092,228.90172101032886,0.33913223253967073
2014-05-27,16,13,26,25,7,1,6,65.45101810520178,44.32220103242996,87.96259637585639,27.380969954009657,189.12001217300502,109.2102984605801,228.61621183858998,0.03430297414247868
2014-05-30,27,41,24,45,5,7,6,68.33098650293783,82.47312945074998,90.21256822704072,30.884510996945227,189.43058967284563,109.78363021547759,228.4083469769852,0.01642622578472802
2014-06-03,2,39,32,15,44,5,10,72.16635871577328,130.84566981790368,92.19493039580203,35.56822828680723,190.00393456192646,110.5637628478604,228.141421270555,0.24232027059965017
2014-06-06,34,40,25,7,49,9,11,75.03935243922837,166.58502200792933,92.88404392444363,39.089650459886386,190.54688784403956,111.15971022244008,227.95007898808558,0.5144656568750843
2014-06-10,12,18,21,33,32,1,11,78.86547920824654,217.19701385848535,92.73788300577274,43.795911376438205,191.4112941740168,111.9674779432082,227.70833061183046,0.8741646189213599
2014-06-13,16,22,28,46,18,11,9,81.73214674976157,259.33787694870176,91.89443123521781,47.333850717582266,192.15793412308946,112.58237495165173,227.53800030456,0.9983986146176576
2014-06-17,48,13,37,40,11,8,9,85.55172660945411,318.61595368247424,90.02984484777967,52.06229636608523,193.27493654258382,113.4133136142818,227.3267792728277,0.8003788999194198
2014-06-20,5,38,49,15,25,1,2,88.4153397507589,1.2690555214192127,88.34138235329148,55.617007989035095,194.19822228816895,114.04420681095914,227.18108748991006,0.4763219235880786
2014-06-24,20,1,7,21,48,4,7,92.23276496346261,53.94750782167184,86.18309602519417,60.36725020377433,195.5364595614294,114.8947002673472,227.00498110212675,0.1088899628134376
2014-06-27,39,34,45,33,31,2,10,95.09527844003468,91.27746507875572,84.95368367346572,63.937348696323056,196.61616042378722,115.5388142477022,226.88727932517838,0.0027887453216000613
2014-07-01,39,25,18,22,27,5,10,98.91096771722792,139.2466472545938,84.19336754428565,68.70670932870972,198.15059025402144,116.40481186082336,226.75048664386196,0.12098095205674148
2014-07-04,47,18,43,39,4,6,2,101.7718782303318,174.90820798774186,84.42821445918413,72.29038595962794,199.36805516241165,117.05891426313316,226.66353997349296,0.35617425738176317
2014-07-08,24,18,22,8,27,11,4,105.58531240894676,225.34450909293813,85.90246455004288,77.07736564386762,201.07373195955685,117.93608153272437,226.56908698792628,0.7486022699564668
2014-07-11,38,35,5,49,22,7,4,108.44486818401347,267.691960164964,87.88321901108662,80.67431850561616,202.41049418233618,118.59703411209901,226.51464536230048,0.9664494393587051
2014-07-15,18,27,15,34,20,1,3,112.25805529100049,328.13055255609396,91.65851099206186,85.47979186948659,204.26389111949248,119.48153319015546,226.4642118137113,0.9049291665775274
2014-07-18,1,41,43,11,29,3,11,115.11927408692912,11.371822195420892,95.30651523629471,89.09140924109508,205.70422957014563,120.14679517519089,226.4431769250131,0.6195935541746127
2014-07-22,1,43,50,45,24,5,8,118.9369809526716,63.65801221317362,101.19062513171086,93.91695979622126,207.68843064341138,121.0354744841868,226.43777985858094,0.21639353129541017
2014-07-25,10,24,9,12,43,5,9,121.80246218341628,100.3806088993214,106.2955154574768,97.54340049869596,209.2223602001644,121.70254963711035,226.45085848532304,0.03662314344167289
2014-07-29,40,23,35,10,43,9,3,125.6258575829791,148.01201415059217,113.84957538528504,102.38789190600376,211.32546258500204,122.59165353462595,226.491199922901,0.03942499625319151
2014-08-01,50,44,46,48,24,10,5,128.49532896992153,183.72694552846497,119.90565007735543,106.02793978111825,212.94392819739446,123.25748755333426,226.53858062875875,0.21643973468691335
2014-08-05,5,21,42,7,19,11,5,132.32371780847177,234.0354333746549,128.21517636269445,110.88998989457481,215.15336563812912,124.14286227457626,226.6243751025286,0.6021715374549553
2014-08-08,29,21,35,46,43,1,9,135.19693956605772,276.1118786114663,134.4471666951809,114.54300926479206,216.84672224932982,124.80439997167521,226.70545088053154,0.887276119105828
2014-08-12,22,19,7,16,33,5,2,139.03132706733805,336.8148126046776,142.57319558240718,119.42270528582759,219.14979276114497,125.68223987020134,226.8354363449606,0.9757151172826266
2014-08-15,4,21,30,5,23,10,8,141.91063360321587,20.622623898022756,148.46013934536475,123.08956850661708,220.90949642359547,126.3369047542684,226.94906242334463,0.7606530336021071
2014-08-19,11,34,47,4,7,7,8,145.75553446909728,73.05148776872414,155.98847607496666,127.98832733348083,223.29752601750798,127.20392567980909,227.12171890629114,0.35190046018475407
2014-08-22,29,17,49,35,4,1,2,148.64384494823142,109.46342786815525,161.38754085508546,131.66936991250387,225.1190301961695,127.84905493244172,227.26681237959394,0.11434039455884831
2014-08-26,36,48,45,10,22,11,4,152.50096890778534,156.94504302276994,168.26293019471174,136.58614032826043,227.5868609006778,128.70119545094877,227.4805839362768,0.0025621205764653765
2014-08-29,32,38,26,9,2,3,6,155.39814544726414,192.9465078180093,173.18449329248998,140.27983614267754,229.4659263314581,129.33345192646746,227.6557464680152,0.10510247159433006
2014-09-02,39,45,25,31,5,8,1,159.26649120674747,243.49074199052376,179.4422731103973,145.21232250480787,232.0070380517849,130.166120353579,227.90839864589597,0.45149225799782206
2014-09-05,18,50,23,46,1,9,3,162.1717114779039,285.12144163760286,183.9092790120495,148.91703733174026,233.9382145958969,130.7820779935618,228.1116975295518,0.7721545093349088
2014-09-09,15,35,19,8,24,10,8,166.05106157343383,345.0829723729916,189.55688695838464,153.86367953114203,236.54490439037383,131.59091630168513,228.4003908619273,0.9992712607225146
2014-09-12,31,9,33,26,13,7,11,168.96563304033828,29.044476611226855,193.54806821126908,157.57905855594387,238.52279027759843,132.187534604916,228.6296341817331,0.8835254327977897
2014-09-16,4,30,35,50,29,4,2,172.8596116545036,81.85957354479724,198.5061298970578,162.54017197281377,241.1897065690461,132.96856245118997,228.9515922670235,0.50887484325167
2014-09-19,6,34,8,38,48,9,3,175.7863599335191,118.22402351623923,201.90904877707365,166.2662399716933,243.21182386530373,133.54259736207516,229.20482706383495,0.23320060747039129
2014-09-23,13,35,14,29,12,1,7,179.69694398994957,165.74206946038743,205.92605674629502,171.24066472735262,245.9364459882334,134.29090870946013,229.55741472640128,0.015154938138852103
2014-09-26,46,35,47,13,27,1,2,182.63579843985457,202.26977494233032,208.44685376326913,174.97571552185687,248.00054630508234,134.8383455623312,229.8325013337782,0.02985275984422514
2014-09-30,33,13,15,3,42,5,7,186.5615950869338,253.63222014708597,210.935181645407,179.96062015056523,250.77890479596633,135.54840418601418,230.21259369252107,0.30805089091937543
2014-10-03,13,23,50,48,4,10,5,189.51106136687864,295.0278326522421,211.9446095053178,183.70241563423735,252.88128574890294,136.06509619618174,230.5070067404075,0.6355297599592353
2014-10-07,38,30,21,9,28,8,1,193.45046715809727,353.5759056395366,211.78942017472772,188.69520360936033,255.70768474497848,136.73158406476577,230.91108147402502,0.9699997331543005
2014-10-10,29,42,47,45,6,9,10,196.4105890457683,37.01613097021105,210.3320197913778,192.44258226118137,257.84408826667936,137.2137629008033,231.22219219394643,0.9682098976038633
2014-10-14,15,23,32,4,5,7,3,200.36580159083002,90.05243706840388,206.6225266861894,197.44292060315524,260.7141356321919,137.83169680329837,231.6469516934309,0.6734146332591715
2014-10-17,49,13,48,1,40,8,10,203.3388691469481,126.50946190566724,203.03150541652172,201.19597745299004,262.88253761413057,138.2753458874984,231.9724349932257,0.3869429780882765
2014-10-21,40,33,27,20,21,3,10,207.3117726757707,174.1351943884679,198.7004146336648,206.2033918526164,265.79435551254636,138.83879402704514,232.4147690573285,0.08184405020148017
2014-10-24,42,20,3,30,9,6,1,210.2977289410547,211.29556217556168,196.86473933625567,209.96106347926727,267.9931416904564,139.23915285448106,232.75215554261163,0.000174502176253033
2014-10-28,45,17,40,10,15,1,2,214.28658112486585,264.06347199830645,196.99523884267455,214.9734107153367,270.94369715389524,139.74165058665704,233.20853707058123,0.17982514381974973
2014-10-31,10,41,13,20,33,9,3,217.2832689287125,305.743149651471,198.85980390488604,218.73376125984691,273.1698140796318,140.09396650405446,233.55502626184332,0.48914667160001923
2014-11-04,1,13,6,26,17,3,5,221.28503494731982,2.8399529196783595,203.03555489353693,223.74852242939434,276.1540833976199,140.5295606798994,234.02161384436604,0.8926022169842729
2014-11-07,32,13,38,46,25,10,1,224.29113337431508,45.149660809323144,206.9815029261495,227.51027977832985,278.40354739720914,140.8297161458572,234.3743759233632,0.999517111179067
2014-11-11,46,14,36,2,21,11,7,228.30627662860726,97.88557510176669,212.83935183148554,232.52711281424615,281.41712777855975,141.19310044635617,234.8476249190409,0.8234333263969413
2014-11-14,36,32,38,48,17,8,5,231.32320820984523,134.40765274909032,217.4687526259822,236.2907378688861,283.68772440141515,141.4369610358012,235.20414219642743,0.5606075899852112
2014-11-18,3,2,36,38,17,11,4,235.35318046586346,182.0654642219506,223.77541161836456,241.3102093584548,286.72855784295956,141.72229338049593,235.68067817341665,0.2019763203469031
2014-11-21,28,32,7,37,4,5,10,238.38087025772674,219.71870012305993,228.5396838851145,245.07562732554538,289.0187415184727,141.90540367304843,236.03829181327214,0.026599139542015593
2014-11-25,32,7,36,3,25,1,6,242.42379964798272,274.1702753604319,234.8894185037483,250.0968076053275,292.0841206469088,142.10701518084122,236.51434944276667,0.07672386057206149
2014-11-28,10,23,6,41,15,10,4,245.45965024232922,316.75509169293485,239.63642164807968,253.86271644175875,294.3911326327142,142.2255821844086,236.87008865908226,0.3414648247208002
2014-12-02,15,25,3,49,44,9,1,249.51130187672095,12.991370835048698,245.94209056666935,258.883392270314,297.4763212648123,142.33937536874765,237.34162735227812,0.7777001017531409
2014-12-05,5,8,48,47,37,3,2,252.552729342598,53.957458720638805,250.65791652339368,262.6483700940605,299.79623064766787,142.3911080177177,237.6925438140666,0.9734873990553272
2014-12-09,31,1,3,42,46,11,4,256.61184684724685,105.79870885868884,256.9390738461006,267.6678115855328,302.8966376297851,142.41475512137387,238.15588117112355,0.9351244228927313
2014-12-12,28,2,15,31,37,4,6,259.65931667347843,142.22432610967678,261.653994240235,271.4321682019871,305.2269673190624,142.39819089416062,238.49934747597624,0.7304025120531032
2014-12-16,13,7,3,25,12,5,8,263.72678209811124,189.78238587509523,267.9587887425612,276.4511227150822,308.3402558406158,142.33012393171202,238.95095685134748,0.36323432965158264
2014-12-19,39,44,23,29,31,5,8,266.7802432380492,227.58503286500425,272.70805800392833,280.2151422752481,310.67944873189504,142.24462049219244,239.28421230591212,0.11351328110044923
2014-12-23,49,25,9,19,8,10,2,270.85443976360756,283.40463908321436,279.07279650472435,285.23320443946756,313.80320560837885,142.08513400904351,239.720216304428,0.013714015789878131
2014-12-26,26,45,27,49,17,2,3,273.9113186803657,327.30332448041673,283.86724764938066,288.99578627539887,316.1488684942894,141.93208336921992,240.04022321563747,0.20232874501150766
2014-12-30,6,18,39,50,44,11,8,277.98743427149134,23.614235877644976,290.26571896918404,294.01042913642254,319.2788299761035,141.68497173776166,240.45653533054931,0.6363831254825051
2015-01-02,24,25,49,28,22,3,6,281.0442536751101,63.514254698966084,295.0345398417603,297.76941235943696,321.62725777560286,141.468660769414,240.76035859015116,0.8962869113447443
2015-01-06,20,38,30,14,49,4,3,285.1196632426933,114.15066507358486,301.2525574575046,302.77853324522835,324.7589218795785,141.14108098286732,241.15336354640186,0.9921072312623056
2015-01-09,6,32,45,21,24,1,11,288.1761077066081,150.30098496428988,305.68623259746283,306.5332219487641,327.1076164977439,140.8676539687575,241.43844205121022,0.8706879237834261
2015-01-13,34,31,21,8,17,10,9,292.2512834950731,197.72342896849105,310.9773185113826,311.536546823295,330.23867859703745,140.46885429096585,241.80472325046466,0.5414414398142792
2015-01-16,34,32,29,30,46,6,3,295.30748160413975,235.37212362261218,314.14367007641357,315.28673428709646,332.5862656343879,140.14625117460952,242.06841337067064,0.2510465595746195
2015-01-20,33,47,15,41,44,10,8,299.3815215785608,291.69955883657514,316.62453240674813,320.28350219013635,335.71485831061443,139.68845107985123,242.40431049676474,0.006318610909739786
2015-01-23,30,45,29,38,6,8,1,302.4355090490067,336.77848149601255,316.7097227686775,324.02788989188394,338.0595515994975,139.32724465038865,242.64378768933196,0.08741496366192486
2015-01-27,10,33,5,31,40,10,8,306.50394508882897,33.98538183265103,314.2044428983757,329.01497462270726,341.182292315793,138.82652266067907,242.94559084096176,0.4792554918510347
2015-01-30,9,24,15,13,19,3,8,309.55196022727154,73.41360241411314,310.84452299998486,332.7504744473985,343.52094437181603,138.43996631158677,243.15828942819613,0.7786134175070888
2015-02-03,50,44,17,31,33,11,7,313.6113905464241,122.97605329867228,305.997335741064,337.72404183419604,346.6338513024511,137.91471301506596,243.42298096948537,0.9896920192589966
2015-02-06,50,30,10,26,39,8,7,316.6526605525328,158.78314073868276,303.17401634608274,341.4486265063749,348.9642572047703,137.5166841682865,243.60684608087558,0.9629074865637162
2015-02-10,30,45,20,13,17,9,10,320.7034881965544,206.2149434849311,301.25775579953574,346.4069634677383,352.0654519472216,136.98540667023772,243.83176008624764,0.7091343373114876
2015-02-13,24,12,39,44,42,3,11,323.7385394034599,243.69395259296795,301.2046896653083,350.11967796317214,354.3866677716605,136.58987033558446,243.98478659191213,0.4155114331124883
2015-02-17,5,2,18,43,30,10,1,327.78095876963124,299.6516743725994,302.64845811039413,355.06150666443045,357.4750911150903,136.0713531700497,244.16723778012243,0.060084448850011296
2015-02-20,37,46,10,4,14,4,7,330.80892117584955,345.1741579845545,304.61281510708415,358.7609798007662,359.78613026498704,135.69254664435798,244.28743766629293,0.016177209516330893
2015-02-24,3,28,25,34,50,1,11,334.83970961404293,43.50392435360887,308.1034492512333,3.683087029062997,2.8595951940345428,135.2058289161211,244.42500209074686,0.31962375306417
2015-02-27,17,25,14,5,47,10,9,337.85721528424807,83.05807251295735,311.22470318652336,7.365781253654606,5.1581338329849915,134.85762644810714,244.51091675226994,0.6320412538732051
2015-03-03,6,21,13,8,11,8,7,341.87284248054334,131.98891752757314,315.90564600945214,12.26306778401918,8.213506237136723,134.41974999915823,244.60222597360058,0.9322174173072348
2015-03-06,47,30,49,50,23,7,2,344.8789531679481,167.53561362165246,319.73687161846885,15.925790323385979,10.49783555039,134.11351231356656,244.65314440189334,0.9991762713066586
2015-03-10,31,30,2,6,23,10,2,348.8800152816997,215.2627448341354,325.20678460745313,20.795180734319793,13.53388745221827,133.73787218670307,244.69746108783966,0.845837450904104
2015-03-13,4,5,22,18,23,3,1,351.87579628594466,252.8686728803735,329.552922848064,24.436225588044337,15.803622440393374,133.48254423971625,244.71294153183933,0.5801797773613233
2015-03-17,11,23,44,38,26,8,1,355.8637405462013,308.1244540857365,335.6501647483704,29.275867033422088,18.82019607388529,133.17981896014228,244.70984349447517,0.16412172330693436
2015-03-20,3,14,42,48,37,1,10,358.8496240270538,353.17158940609414,340.4432958690547,32.89378565630462,21.075177331915217,132.98261583800738,244.6897455706236,0.002423759590721719
2015-03-24,40,10,39,24,26,3,10,2.823019129817808,52.063822061107246,347.1274967171921,37.700546062467055,24.071335999979365,132.76138339654847,244.63949798024325,0.17583279698185383
2015-03-27,30,39,32,44,2,10,6,5.796555041730641,92.04134297735149,352.36508348712266,41.291522881085974,26.31014047813704,132.6276589542937,244.58454712643604,0.4697308859002465
2015-03-31,8,28,20,24,49,8,9,9.752273431617146,140.81431347543503,359.6573387956639,46.058977871249716,29.283698345309958,132.4930670265717,244.4888713781789,0.8283016421555609
2015-04-03,39,37,49,29,27,4,2,12.712519525379099,176.26442337591016,5.362611094902959,49.6182320746337,31.505146495766127,132.42515209145466,244.40077262004803,0.9795691715917082
2015-04-07,39,25,50,44,18,8,5,16.65136082325725,224.59064123325825,13.27712294160493,54.34092430868081,34.4555100246395,132.37873177032822,244.26226329723002,0.9413264028302182
2015-04-10,25,43,22,23,30,5,9,19.599871861967216,262.7686002015986,19.418013750754223,57.864987577823825,36.65973349164097,132.3769392338325,244.14315558647124,0.7264450077876301
2015-04-14,49,34,32,24,35,2,1,23.52441818622459,317.62485205618395,27.787206149759346,62.53886363300483,39.587541030624365,132.41835009644706,243.96494276801621,0.2967309054184969
2015-04-17,39,2,34,24,30,11,8,26.462846217660378,1.6481852915316118,34.08588985050185,66.02482023730913,41.775083466623066,132.48205005155316,243.8174405424057,0.045563444384488894
2015-04-21,14,42,17,6,45,8,1,30.373537390708535,60.09955381435831,42.271064240417445,70.6448749320247,44.680467184098994,132.60999892501664,243.6035814553421,0.06804820470249329
2015-04-24,31,5,40,29,19,3,10,33.300590701580575,100.35867176903075,48.06134070134879,74.08708991576233,46.850703682917725,132.73764140126414,243.4313068768905,0.3085448217301918
2015-04-28,36,24,28,26,45,10,7,37.19503100234736,149.23264808160081,55.070120700086804,78.64313073790959,49.73233030939973,132.9489076467936,243.18736146208852,0.6889616592318306
2015-05-01,19,26,20,25,3,6,10,40.109823207857126,184.7192562301883,59.67176147534458,82.03286271231089,51.88452168131476,133.1372641446817,242.9948287343305,0.9082788086972651
2015-05-05,1,17,10,42,20,9,8,43.98881842665256,233.82558738967802,64.82155555617906,86.51304822096922,54.74225325379389,133.42691990442754,242.72700734502197,0.9915512001181064
2015-05-08,14,19,49,7,47,10,3,46.893152444927296,272.97338124098894,67.89462630942812,89.84151657870072,56.87688589871425,133.6721255545618,242.51895287628173,0.8459475838096383
2015-05-12,29,30,14,46,40,3,6,50.76007481427639,328.08275566072035,70.88283112562729,94.23424295646839,59.71192449248159,134.0350749756694,242.23367783932267,0.4378331860251793
2015-05-15,47,42,44,5,35,9,8,53.65655810864353,11.086071248561373,72.26197439777287,97.49260517495667,61.83004729034425,134.33347360119294,242.01505586456886,0.13186899159441828
2015-05-19,35,37,31,26,30,11,8,57.51345958711882,68.25868071291032,72.9381346957938,101.78443215487478,64.64330268332019,134.7649908019056,241.71930801318706,0.010466499584675104
2015-05-22,18,44,35,24,45,5,11,60.40193112845795,108.34369732070373,72.61047062118857,104.95977252960331,66.74488765252518,135.11288334168864,241.49572628016483,0.16806723832749043
2015-05-26,6,24,7,21,5,6,5,64.24727073305574,157.27770919444544,71.23322801878838,109.12839564094537,69.53567101367041,135.60749154528716,241.1973278700566,0.5286159880940952
2015-05-29,4,20,48,45,3,8,6,67.12692426232445,192.83264433949796,69.7137437310772,112.20060062848783,71.62028071010664,136.0004142505291,240.974671583767,0.7928834436349208
2015-06-02,23,7,41,29,37,1,8,70.96127023344829,242.67936148191862,67.48502454881225,116.21591174992143,74.38868449327755,136.5520510851972,240.68122564349784,0.9937350878514495
2015-06-05,8,7,2,48,45,9,1,73.8338169736518,282.993793331298,65.9943097879484,119.160316664752,76.45695779647191,136.98559704357217,240.4649520099626,0.9348498421674469
2015-06-09,5,34,17,9,32,8,6,77.66083777837888,339.03912959734333,64.66565730844704,122.98677969183636,79.20447127986807,137.58878230179823,240.1834215234907,0.5763805718373982
2015-06-12,11,10,37,5,8,9,7,80.52949360513858,21.41370297074361,64.35228856703218,125.77451372983305,81.25775583674893,138.05920541768882,239.97859739653103,0.24450632344356155
2015-06-16,15,10,36,16,37,3,9,84.35245786972489,76.99072844452212,64.9742125401029,129.368567127192,83.98577505495047,138.70926758755067,239.7157277789069,0.0059033255929539785
2015-06-19,7,14,20,31,42,9,3,87.21800762801936,116.42191700019875,66.23404941249093,131.96044092184616,86.02442134935986,139.21302314242217,239.5274552892348,0.0654562183917256
2015-06-23,16,38,4,22,49,6,9,91.03617640879649,165.17704323055452,68.93479247118131,135.25767231500612,88.73265817605206,139.9048837142652,239.2899024961018,0.3653445222717422
2015-06-26,10,19,6,3,24,5,7,93.89790199078948,200.74355908985657,71.68789029603728,137.59545462656374,90.7563849428294,140.43795646459563,239.12284142237468,0.6458760792135879
2015-06-30,11,28,15,34,37,1,8,97.71144131251322,251.06869604750932,76.27634365671308,140.50508020683296,93.44495940940581,141.16628364222004,238.91618410244618,0.9459466732800768
2015-07-03,11,18,44,15,12,3,9,100.57064393576597,292.44703281668126,80.376757133446,142.51077432943262,95.45437168316424,141.7248654549861,238.77402427958592,0.9875575168124472
2015-07-07,7,41,33,18,6,10,3,104.38296170447853,349.90494901546816,86.6813392804898,144.9156909814598,98.12479243463042,142.48501631193707,238.6025945929008,0.7082787508127116
2015-07-10,35,8,15,5,41,5,4,107.24307104765855,32.19907662527381,91.99584473274182,146.49177653189068,100.12134735521451,143.06599906147622,238.48827037172572,0.3722992254817719
2015-07-14,34,18,36,19,6,1,8,111.0582344844849,86.36786978702393,99.74947066350641,148.24725345950287,102.77525315531064,143.85412145469738,238.35578977291974,0.048083453217700745
2015-07-17,21,48,22,1,43,9,7,113.92075758125031,124.8734516693333,105.93741522460205,149.27156083872148,104.75949204598928,144.4545456941869,238.27198299915983,0.010381832072423991
2015-07-21,14,29,44,27,20,10,7,117.73867352832397,173.20870128048196,114.43743741727826,150.19573886373377,107.39676224674344,145.26634394880844,238.1816708599557,0.2179354037328603
2015-07-24,21,46,2,9,35,2,11,120.60295071172075,208.72277272582764,120.82615230422596,150.52278543638886,109.36841824233538,145.8827995091501,238.13035437938217,0.4845470153993791
2015-07-28,36,23,49,43,32,8,7,124.42330099393237,259.1642544195314,129.16163140588432,150.42708698782633,111.98903010499565,146.7137377372498,238.08415974218912,0.8509026186215332
2015-07-31,34,21,16,50,40,6,9,127.28999916380481,301.19370172103163,135.19128274875422,149.9387140790859,113.94852336884043,147.34297490567562,238.06631149615995,0.9956400477085487
2015-08-04,50,15,39,10,45,10,9,131.11539902148917,0.14756899698846865,142.87576142764746,148.73756729287598,116.55376775134273,148.18909411111176,238.06500942108227,0.8290562264191303
2015-08-07,1,5,21,44,39,4,11,133.98771809821395,42.885478306671565,148.3609968384144,147.4577022150594,118.50249167145964,148.8284716715299,238.08096779076268,0.5105545480206365
2015-08-11,2,16,3,15,8,4,11,137.822575307062,96.15227005870969,155.30621341143438,145.3448947352346,121.09404728778112,149.68646163631652,238.1249197778098,0.12881239093804003
2015-08-14,45,4,44,7,39,3,5,140.70252423208646,133.73338316923477,160.2444597100409,143.55590343839293,123.0325862278191,150.3333610828691,238.1748995838893,0.004858608434929523
2015-08-18,7,10,19,12,11,2,9,144.54720365010354,181.559731482999,166.47367766641392,141.0820174068168,125.61029525229533,151.19932130932673,238.26409681941826,0.1016550372307139
2015-08-21,47,4,16,18,43,10,6,147.4340991415414,217.04327929762243,170.87816073665326,139.29600990921404,127.53825465208892,151.85060219678866,238.34772964949548,0.3273660064568024
2015-08-25,31,33,50,27,42,5,2,151.28772019245096,267.34654166596306,176.38110841982663,137.19269686987548,130.10178788384576,152.720308138238,238.48116825747195,0.7191268857563814
2015-08-28,11,34,30,29,31,4,7,154.1814545264677,309.43741392436806,180.21158884128835,135.92532319651772,132.01927470338944,153.3728990909149,238.5973637204739,0.9528125463291226
2015-09-01,6,27,45,19,21,8,1,158.0453988501029,9.446794056431486,184.8743668096852,134.74879598009042,134.56949666237242,154.24255060955042,238.77326248425646,0.9279166747943224
2015-09-04,27,8,45,9,50,8,10,160.9484712811576,52.962099351213645,187.98623917162888,134.2844795718384,136.47767402111765,154.89387451503987,238.9205909843908,0.6551852519367289
2015-09-08,42,14,40,39,16,1,4,164.82692971025722,105.94977783627857,191.50846381364386,134.22685170350843,139.01610994581083,155.76016550563907,239.13712579901986,0.24287355725959192
2015-09-11,19,50,10,29,18,9,1,167.74159802726348,142.82253996808055,193.5693798481446,134.5860058106785,140.91547796984804,156.40753964436848,239.31426160756828,0.04743362472196755
2015-09-15,44,8,15,17,49,5,8,171.63521298194027,190.24066678098905,195.32226240852447,135.55739640976444,143.44175157206843,157.26640732042813,239.5694845452114,0.02669801933062954
2015-09-18,39,34,33,7,29,8,7,174.56067149682426,225.84567992898192,195.7038169994172,136.6209494896193,145.33164047835157,157.90652675698058,239.77470766046605,0.18971644418121753
2015-09-22,27,14,23,29,26,7,10,178.46789128460733,276.0492193826997,194.69336987851574,138.43501607182134,147.84492888517494,158.75347300021696,240.06597791624412,0.5670301245825008
2015-09-25,14,37,30,13,23,8,2,181.40316295118302,317.70684715630927,192.7070586591225,140.06031091447906,149.72499885199196,159.3830133172773,240.29709832389304,0.8613344013966838
2015-09-29,14,49,26,11,29,3,9,185.32383334322796,17.863076483800874,188.71731733494357,142.53818042703367,152.22554146897076,160.21383409011509,240.62133063870908,0.9883070786849018
2015-10-02,21,35,7,32,18,11,2,188.27030039551212,62.11632840646057,185.37010823287295,144.60394028705983,154.0965581033386,160.82986666941906,240.87604890195087,0.795526561657877
2015-10-06,22,32,29,11,20,1,8,192.2077747576647,115.3556071559335,181.84457510182304,147.60003897973533,156.58551575439316,161.6407151749119,241.23036715318815,0.38662492228855977
2015-10-09,43,42,47,40,1,9,11,195.167626665316,151.8435248290019,180.7196515179412,150.00683759871498,158.44775917584454,162.24009219400332,241.50662410743269,0.13663474955251476
2015-10-13,26,15,12,47,29,11,3,199.12266044410777,199.07385132677757,181.67880352252737,153.40115954006617,160.92435565366648,163.02621345249176,241.888167132126,0.00019865289985648849
2015-10-16,28,43,7,48,29,3,10,202.09492878021896,235.04315261498172,184.04987410492987,156.06975821570686,162.77672143755422,163.60506923558046,242.18361615859024,0.0830275269074991
2015-10-20,21,19,30,45,17,8,10,206.06524593743566,285.5294569959818,188.79715228363537,159.77170189561875,165.2394075486235,164.36117707891765,242.58899719182264,0.4112571121286911
2015-10-23,25,7,32,39,30,2,8,209.0480466069499,326.6261911999923,193.11837162618892,162.64466844807623,167.08093859509145,164.91557335581317,242.900957353912,0.7331813065797005
2015-10-27,11,20,25,36,12,9,6,213.03183436658605,25.92658932511291,199.41527205249724,166.59042239727023,169.52910254188035,165.6366220063765,243.32652526713036,0.995777727824463
2015-10-30,34,13,17,8,21,6,7,216.02517889034598,70.40306638184725,204.3280021090056,169.62827862297434,171.3599841082535,166.1629778942113,243.65232814005446,0.9121239871259048
2015-11-03,39,27,49,8,46,2,6,220.02442882197514,124.09552641369041,210.95144872253482,173.77274957053092,173.79416934090415,166.84420891301633,244.09475511302657,0.5517420935904851
2015-11-06,26,40,38,17,3,4,10,223.03010158970486,160.5074078264281,215.9091801079026,176.94449737441204,175.61428308361923,167.33865997197327,244.43201495422093,0.26955899851471266
2015-11-10,43,39,13,6,18,2,8,227.04553679080155,207.7655003837723,222.46156971161068,181.24838600597576,178.0330819746926,167.9743377455604,244.8880224958121,0.028257686247757097
2015-11-13,33,10,18,40,17,8,2,230.0624794207243,244.31319508465512,227.32175632621164,184.52666879757513,179.8406899290499,168.43228245401284,245.23410278467506,0.017440396947230374
2015-11-17,6,37,23,38,7,11,10,234.0912478218617,295.6768609726807,233.7298428039071,188.9574381358298,182.24150953894727,169.0161704935698,245.6999528225132,0.264988344504968
2015-11-20,34,49,30,46,4,8,7,237.11677105941695,336.5428689615306,238.48744925816754,192.32103782057428,184.0347818722574,169.43300844147768,246.05193759454318,0.5846977500058832
2015-11-24,26,14,17,9,16,10,11,241.1555122642865,34.43726851763953,244.77863959252457,196.8549456896758,186.41582692632196,169.95927527601077,246.52371212411776,0.9469148552512212
2015-11-27,50,16,30,37,29,6,8,244.18824426199066,78.3262508000557,249.46713508298453,200.28952326446475,188.1941178501949,170.33090461845597,246.87876337346498,0.9831477329214293
2015-12-01,35,15,45,25,2,10,8,248.2373542127095,132.16958297241734,255.69125024444935,204.91067655055343,190.55495420388505,170.79416767778042,247.35291953267043,0.7198149416517456
2015-12-04,17,27,18,39,8,7,1,251.27844391143702,168.6780837903834,260.3451264934808,208.40500715017987,192.3174606207889,171.11631937328988,247.7084836845855,0.43630582171940346
2015-12-08,48,29,12,38,17,9,11,255.33853494523956,216.06674230057627,266.53378894101957,213.0978203053589,194.65565455161558,171.5104439463889,248.18152007634149,0.1138747053826113
2015-12-11,43,5,21,3,40,11,6,258.3870272597237,253.22866757752408,271.157256037204,216.63995399714895,196.39967669059308,171.7783629998113,248.53480610599985,0.0037301412796578726
2015-12-15,11,27,35,8,23,4,11,262.45511400589004,305.98758266548776,277.2714013102744,221.38911208353642,198.71106500202364,172.09716337544162,249.00279749722213,0.13932268067082132
2015-12-18,22,6,26,29,48,5,6,265.5078608455486,347.265344059305,281.78087476276903,224.96852798557117,200.4334462989108,172.3065345138189,249.35076556016435,0.43051252510642424
2015-12-22,19,41,18,40,20,7,10,269.5794569352886,43.96019506404624,287.5855842368701,229.76209971014535,202.7144257479152,172.54495349464042,249.8096685663204,0.85089228146886
2015-12-25,10,27,40,3,25,9,3,272.63395856399404,86.61521429573354,291.6550138537015,233.371943672696,204.41322194095633,172.6925494168999,250.14941918999077,0.9954546535381541
2015-12-29,5,36,32,31,20,6,7,276.70802928175806,139.91109022918621,296.3836173566206,238.20321047730934,206.66171329331644,172.84673736639573,250.59562535454498,0.8644455327256726
2016-01-01,44,37,38,39,4,4,7,279.7648019917395,176.47739299214,299.0651179981634,241.839123565175,208.33487288949505,172.92974427609187,250.9245525003944,0.616039064391693
2016-01-05,36,10,6,39,31,6,10,283.84192163532725,223.96439875169062,300.79790189743005,246.70167891194825,210.54658176486632,172.99602504815923,251.3544990956683,0.2509875492743132
2016-01-08,35,33,26,40,5,3,8,286.9003895987771,261.53055079141694,300.24003587957844,250.35820364453852,212.18974607517748,173.01198892869817,251.66978806737487,0.050120265133143604
2016-01-12,2,10,30,44,1,1,8,290.9781112954716,315.784654891289,296.87022150777676,255.24432207998925,214.3578548605031,172.98793424713162,252.07955196722844,0.04695483621300872
2016-01-15,43,38,19,10,46,1,11,294.03526431940355,358.1218313397974,293.0669385313251,258.9156909850334,215.96559574973486,172.93593981258007,252.37819301566833,0.28232812327151513
2016-01-19,2,30,38,43,46,7,2,298.10871913109577,54.42596405258196,288.2083355585394,263.81856397893733,218.0833289634922,172.82185773492387,252.76383353694197,0.7228463423888721
2016-01-22,27,10,30,47,12,9,8,301.16140277918925,95.73046478524303,285.79236450105844,267.50106491991585,219.6513488901042,172.70328767070757,253.04305969355366,0.9502977682223454
2016-01-26,15,40,24,48,38,2,9,305.22860490645115,147.82203113395153,284.69338461221014,272.41786062184053,221.71348302203788,172.50216643365312,253.40119377675273,0.9615619170372451
2016-01-29,29,32,23,1,5,1,7,308.27693022287417,184.245031117936,285.2849275318585,276.110242494135,223.23721064136893,172.3198600792072,253.6585867571618,0.7808898779803362
2016-02-02,36,21,10,6,9,6,2,312.3386380667863,231.74281990095068,287.50107239481605,281.0390971843118,225.2356512540253,172.03634276758947,253.9859407127845,0.4206631160502646
2016-02-05,46,32,27,3,41,4,8,315.38267337811095,269.3763259925585,289.95223652113555,284.7393846661379,226.70743072181517,171.79468943330554,254.21895225143098,0.154796884432725
2016-02-09,9,6,13,28,37,4,5,319.4376338424501,324.64136585636277,293.9687487938719,289.6768529809717,228.63022525960483,171.43623041104544,254.51203507993787,0.002537366582872125
2016-02-12,31,49,28,20,3,5,2,322.47517695356237,8.334157348678582,297.40122084297406,293.3819420200624,230.04023822645524,171.14224905697756,254.71804328588755,0.15214949460112465
2016-02-16,3,22,50,10,37,6,10,326.51903749115985,65.2103222362017,302.40180618235496,298.3237967422499,231.8743422790854,170.72028142655458,254.97354624071625,0.5766047636269565
2016-02-19,32,13,14,39,30,3,9,329.54683589756377,105.55514364639643,306.4113477660259,302.0312593082899,233.21349360864326,170.38390701591962,255.15035631222932,0.8590090679882438
2016-02-23,42,32,23,25,37,11,1,333.5772088355095,156.23524397212574,312.04981712920556,306.9760231898462,234.94707558313152,169.91279318306886,255.36576501242823,0.9993678647127325
2016-02-26,13,50,5,33,15,9,11,336.59525009559997,192.32428976804903,316.477316578808,310.6857451857463,236.20539103577858,169.54526234267792,255.511669009452,0.9064316038121818
2016-03-01,37,7,28,13,4,11,10,340.6133106787044,239.80867071270856,322.63072493173433,315.6334604864989,237.8222078171743,169.04057037190591,255.68474836623804,0.5957144699068954
2016-03-04,9,23,40,16,14,1,5,343.62245287496415,277.28555597686267,327.43075134481984,319.3451153015141,238.9850983330748,168.65413831863427,255.7980700478803,0.301503643377968
2016-03-08,9,14,23,8,1,7,1,347.62850354603177,332.73428882075126,334.08125956892457,324.29458566355265,240.46272247857135,168.13311004916173,255.92663502393262,0.016734418078922453
2016-03-11,26,43,1,21,40,9,6,350.6278289269298,17.498795685648624,339.2628606015315,328.0065541987982,241.5116184038779,167.74142743166811,256.005849810455,0.054820994440605064
2016-03-15,7,10,5,44,34,10,2,354.61880375005944,75.56766536901661,346.4402010766164,332.9548543913883,242.8246252338596,167.22308029671063,256.0882420589921,0.42312502632001214
2016-03-18,14,49,21,19,24,5,11,357.60545470438603,115.55836829585297,352.0297211098313,336.66508396524335,243.7410088295372,166.84058329104866,256.1325416737496,0.734718395575252
2016-03-22,15,49,12,26,42,5,8,1.578971630244377,165.11056643465307,359.7536769962339,341.6108135712898,244.86481024506082,166.34346978738407,256.16826007932747,0.9793088196800341
2016-03-25,43,36,12,42,19,8,5,4.552965142606694,200.8355381290222,5.729706186846548,345.3193316231552,245.62862507711748,165.98317849538714,256.17754384675175,0.9797204023758652
2016-03-29,4,25,19,36,1,3,11,8.510685305340997,248.41712795228548,13.863376246198207,350.2631400820054,246.53252822944648,165.52351576766063,256.16663231515963,0.7514796421985728
2016-04-01,23,25,2,49,16,6,9,11.473639571488977,285.7752451388775,19.984406345886313,353.97038133747145,247.11772352312184,165.19688957941952,256.14105680763805,0.4648211662947686
2016-04-05,3,19,40,9,5,5,2,15.417392765649206,340.7586907106938,27.93497533631682,358.91240574131916,247.76364521910233,164.78914335625407,256.0839575341892,0.08806155092090356
2016-04-08,43,8,49,6,26,10,6,18.369803044338873,25.85318772168046,33.532414012070184,2.6178556662238144,248.14023108066607,164.50648583421426,256.0241147113638,0.005196427500256506
2016-04-12,9,1,5,22,38,10,2,22.298227494781372,85.05302401532623,40.20051581527928,7.556350875198147,248.48962549474578,164.1635697991049,255.92219944657302,0.27394314618545845
2016-04-15,13,32,37,14,48,1,7,25.237971105371695,125.18574954995611,44.43330473970364,11.25835838625487,248.6321387852629,163.93357718813166,255.82969678506603,0.5883970580222148
2016-04-19,27,14,44,15,11,7,2,29.14891545118894,174.13425554979713,48.87855866607974,16.19193526040947,248.65618789315394,163.665109301175,255.68581327285966,0.9096116299827579
2016-04-22,32,43,26,34,17,2,10,32.07601272880197,209.62985029930135,51.23993068641923,19.890512876711924,248.54561979059613,163.49341431646815,255.56311796839242,0.9987580450778779
2016-04-26,10,42,17,32,31,2,5,35.971451263586,257.534619461561,53.03658262660119,24.820171864388392,248.22207759608554,163.3052049503974,255.38079602563528,0.8732960946616719
2016-04-29,4,25,28,5,43,6,11,38.88808922304174,295.04247194264457,53.37702393755827,28.516329540261136,247.84576651980964,163.19520754274683,255.23073179676126,0.621598305508396
2016-05-03,23,34,8,24,38,3,7,42.771062276842684,349.4348782657452,52.6042672574032,33.44334495005773,247.1670446073922,163.09081594134867,255.01403963772643,0.2012798910359842
2016-05-06,45,48,40,34,32,10,1,45.67896721081363,34.09814687172021,51.28623347874062,37.137653561729415,246.52988921153184,163.04461896384646,254.83996501786515,0.010725719789233035
2016-05-10,40,2,26,27,49,10,5,49.54983098172978,93.70151233580764,48.971679806185925,42.06170988028687,245.52372962627288,163.02611580279034,254.5940003441029,0.14422303071839715
2016-05-13,31,28,42,15,7,10,11,52.4477734914217,134.14330227445197,47.180024365019044,45.753226748661625,244.6661599716613,163.04446339489115,254.40029632060467,0.4309547179742309
2016-05-17,32,27,39,36,15,3,10,56.30471878690558,182.96070452605053,45.2297829553038,50.67321977505741,243.41186471040092,163.11135421089506,254.13147684838043,0.7994454027745199
2016-05-20,41,9,30,14,45,4,9,59.19260211016107,218.4196694140493,44.358395922858236,54.36192592024135,242.40863754274957,163.1928227917367,253.9231441135394,0.9667112075388424
2016-05-24,37,17,34,16,23,9,6,63.037566580642775,266.89240117172136,44.194062261374945,59.27895508181213,241.02136743635768,163.3423201390931,253.63816363018634,0.9554436481997757
2016-05-27,46,27,13,43,25,4,8,65.91783783944192,304.9227494137359,44.85841573306035,62.9661574026782,239.96840131778686,163.48447316214302,253.4202336239694,0.7583121012978947
2016-05-31,6,30,26,48,12,6,7,69.75462206092844,359.091114421549,46.75856379368232,67.88218014669339,238.58545518102758,163.71314258475584,253.12587357937787,0.33545589584148405
2016-06-03,7,31,39,23,33,6,10,72.62990084493796,42.92280202852097,48.8907679697898,71.56917468826958,237.59033360052325,163.9133865266933,252.90355821363963,0.06654850977874777
2016-06-07,26,49,19,45,35,2,5,76.46030237055578,101.9303749117716,52.59180598372135,76.48494868878196,236.3576529205465,164.21769616593278,252.60710175867644,0.05065235749437319
2016-06-10,21,35,42,14,43,7,9,79.33024248309272,142.47406417087956,55.96231489589121,80.1713574917392,235.52705005937003,164.47306715284557,252.38614484704317,0.2769076409269207
2016-06-14,13,50,42,39,34,11,9,83.15285488762193,191.39540826862805,61.198481277844024,85.08583460670542,234.5719314215419,164.8483063337692,252.09537374094455,0.6582931103739886
2016-06-17,43,1,18,27,7,8,4,86.0171431531818,226.95197024546707,65.66058787440565,88.7712364156295,233.98315620000133,165.15478045404708,251.8814452583102,0.8878449965516935
2016-06-21,32,35,17,49,5,5,1,89.83347999979395,276.1295585156249,72.3006894764943,93.68482414453896,233.3810670910299,165.59536532165617,251.60349991442328,0.9951857322400492
2016-06-24,11,19,39,28,27,3,10,92.69445041141493,315.02334636258036,77.77725590872336,97.37010887027378,233.0716635153814,165.94883832346983,251.40165038944457,0.8695032743508035
2016-06-28,43,37,32,26,49,5,4,96.50857806917955,9.605071288685718,85.67223858334751,102.28445074537451,232.8518010909271,166.44959664440378,251.14294404582574,0.47438064578902983
2016-07-01,11,50,13,40,2,10,1,99.369382182004,52.645009875731816,91.94641326629785,105.97089511608412,232.831814171244,166.8464689378094,250.9578338448535,0.15899769916784218
2016-07-05,38,29,10,48,1,4,3,103.1841462557177,110.26856256849135,100.57654988565832,110.88694309621562,232.99694221934638,167.40282793105715,250.7245370426328,0.00505771420636858
2016-07-08,12,18,8,44,33,8,4,106.045186550926,150.47503288960317,107.08245472778033,114.57424169731583,233.26170133018098,167.83956645395202,250.56075752541958,0.14429809742082755
2016-07-12,26,3,41,33,7,2,10,109.85958568902724,199.46094760614534,115.5855781783698,119.49051692671432,233.7950806219368,168.44637977975756,250.35867652777225,0.4986426063194908
2016-07-15,2,11,14,13,21,1,8,112.72029696292343,235.13239902094222,121.73291047333146,123.1774577938653,234.32370427294026,168.91887377942138,250.22013136707398,0.7681396630725037
2016-07-19,24,37,19,28,36,6,3,116.5351198224001,284.9428250312085,129.5437541357197,128.09297742939157,235.1892051961264,169.57067981264854,250.0537621289117,0.9885800120739223
2016-07-22,26,45,24,7,37,9,5,119.39734282521601,324.88039807204433,135.09258713896173,131.77941498790972,235.9513876990265,170.0750394198387,249.94334504749122,0.9511120140408904
2016-07-26,13,49,10,45,3,11,2,123.21638665062424,20.55364595111159,142.0746507917388,136.6947150236674,237.1082031642623,170.767073229509,249.81604947237005,0.6104635673472496
2016-07-29,40,26,50,1,21,4,2,126.0834464908966,63.15970504259243,147.00211052020583,140.38141244580146,238.07529551659243,171.3000632043844,249.7360373312228,0.2744470168126203
2016-08-02,27,46,38,2,8,2,6,129.9102054494215,119.09177038733115,153.16192700559668,145.29719054583975,239.48979457728268,172.0282605025138,249.65069056594754,0.0100237764604032
2016-08-05,19,16,24,37,35,2,7,132.78305468232713,158.5295467039674,157.46929185723863,148.98378826604662,240.63929398463154,172.5867438892349,249.6030965904732,0.04985680589096514
2016-08-09,19,43,44,12,45,10,5,136.61684553793282,207.3649540059867,162.77477933993507,153.89825237531332,242.2819846550371,173.3465529431453,249.5619439150051,0.3373075100109957
2016-08-12,15,50,36,2,28,11,2,139.49465318379967,243.07426912380896,166.39909821001368,157.58295862806568,243.59079707309263,173.92692322699645,249.54796964850533,0.6182372409916234
2016-08-16,34,37,46,26,2,4,8,143.3353613894849,293.2231968790116,170.69633143109593,162.4939823233246,245.4301140867744,174.71357989258127,249.55195079213388,0.9317084470990791
2016-08-19,22,6,5,25,34,7,5,146.21914913516767,334.1087215645073,173.45554693024476,166.1757078982587,246.8750748679206,175.3124545585132,249.57188624226686,0.995260208095967
2016-08-23,2,31,45,37,23,8,4,150.06973293101112,31.375739483815785,176.38837494377742,171.08278807745697,248.88239019389692,176.12184033351187,249.62100252157214,0.7405664320738654
2016-08-26,48,9,30,28,1,7,8,152.96260240877376,74.06379093860632,177.91278276633895,174.76190017159743,250.444890601407,176.73644036665237,249.67470379787505,0.4051790652012413
2016-08-30,29,42,13,16,35,6,8,156.82680237261545,128.49088384184694,178.8369430810147,179.66584221602344,252.60013162458512,177.56503208731672,249.76872250822544,0.06100477463954862
2016-09-02,50,40,16,32,8,2,11,159.73004707499396,166.93130947782717,178.5501666408838,183.3423727147036,254.26774784506162,178.19257394299456,249.85593538329294,0.003926116082923203
2016-09-06,45,12,34,24,30,7,10,163.6073419781579,215.3938147229525,176.72379864574089,188.24186030323872,256.55501803167715,179.0362599063594,249.99416842422823,0.19296766002246918
2016-09-09,28,4,11,17,15,1,3,166.51982346125928,251.05747992652098,174.34451710241822,191.9141142839473,258.315094108509,179.67345898347023,250.11400356088458,0.45435937740738463
2016-09-13,44,16,4,7,35,3,1,170.40910384062545,301.15503039986066,170.38161650787194,196.80673864058235,260.7166650251845,180.5278647558631,250.29479787224045,0.8260320612079805
2016-09-16,32,5,22,8,14,2,11,173.33080270879066,342.57481420371596,167.5168089822926,200.47317226464148,262.55585981596533,181.1715780810206,250.44574942521623,0.9910919508857303
2016-09-20,45,41,4,1,10,9,6,177.23365684496895,41.519603809001566,164.9998469115573,205.35774712461753,265.054900643447,182.032835915574,250.66690030928268,0.8583730584418043
2019-03-01,9,19,26,31,6,12,11,339.84458686722155,278.3930293525595,357.637565823307,298.9146231618428,39.54464135116157,261.60984138499094,287.4799894202955,0.26228177205340286
2019-03-05,16,10,46,39,6,8,11,343.85823520293866,325.70830247247187,359.34596503247064,303.6549632375957,42.231273701129375,262.0561089435788,287.8176644216443,0.025550912735364972
2019-03-08,40,17,24,19,18,8,4,346.8634218529801,1.5214673669471643,359.0117687923803,307.2204491325421,44.24350249180241,262.36437807410425,288.05901514705545,0.01815398609616431
2019-03-12,5,13,7,19,31,9,2,350.86272521797497,51.238854963730205,356.67063076710843,311.9861295765609,46.922398932039776,262.7387774606182,288.3640807684941,0.2548369132833935
2019-03-15,46,24,42,15,3,12,9,353.85591098662667,90.98214390878753,354.00150050565503,315.56811210945295,48.928113764124284,262.9912755988324,288.579794105355,0.5643652489912547
2019-03-19,9,6,1,47,34,12,7,357.8380380164814,148.68015071883838,350.26288130075886,320.35348512954755,51.59717120261032,263.28917080534194,288.84928718272226,0.9380337181462468
2019-03-22,17,43,26,4,30,11,6,0.8183290432529261,193.7449434758807,347.9720360153315,323.94933551790643,53.59483971754128,263.48286131093704,289.03740026762296,0.9851235559486522
2019-03-26,47,43,19,23,12,2,6,4.784536962019015,249.57503713017064,346.1624033031754,328.752551163306,56.25309529680519,263.7004345854301,289.268914742761,0.7125758735210372
2019-03-29,13,23,26,47,32,6,10,7.753976248265031,286.9392114710943,345.8451382979263,332.3609741426926,58.243097891984924,263.83235415633055,289.42760865222033,0.4212075638854023
2019-04-02,9,26,16,2,36,6,7,11.706276537392753,334.27404773583265,346.71730571032475,337.17905300051086,60.89178955788582,263.9655774131787,289.6185988647874,0.10430982258322957
2019-04-05,7,45,10,1,29,5,3,14.665018627895426,10.472775158629933,348.21357737444504,340.7969209650451,62.874850778731485,264.0329754236021,289.74597030813464,0.0030734125745219276
2019-04-09,38,41,18,29,21,1,11,18.60209968972196,61.23035236539833,351.13541462649636,345.6253614148361,65.51417375088921,264.0790009748806,289.8941124436356,0.13401331190012533
2019-04-12,46,28,1,35,36,6,9,21.54849978640349,101.34255223072756,353.9077004693788,349.2495075309689,67.48986428767905,264.0805427565505,289.9886783618939,0.41310914959992157
2019-04-16,1,49,15,8,44,2,11,25.468089913567685,158.09419259224794,358.249038738773,354.08496358721413,70.11863103748664,264.0388242755877,290.09244926647426,0.8402220710561771
2019-04-19,32,49,8,7,41,11,5,28.401333372218552,202.09388332061934,1.9246350904469764,357.7140472370704,72.08596500278259,263.97497960144636,290.15342464005636,0.995317547116759
2019-04-23,23,44,18,27,42,7,2,32.304744388665675,257.5095230815722,7.320044959650512,2.5564088317990494,74.70366774220972,263.8469157175997,290.2120902912044,0.8517227904510272
2019-04-26,33,35,50,47,14,11,9,35.22729334596864,295.00007160943426,11.709304987295424,6.190865103317258,76.66322377249541,263.71906911791893,290.238991759094,0.5896187202507006
2019-04-30,20,26,12,48,5,2,11,39.11784384189086,342.49380450697834,17.99552897885262,11.040012665700587,79.27142536336805,263.50711342371096,290.2519360185945,0.22698509083628066
2019-05-03,2,20,27,43,9,5,6,42.031153945645954,19.05778332947393,23.029690572710535,14.678891726002728,81.22433158160929,263.3179338466926,290.24443987736123,0.04136626848505831
2019-05-07,32,20,47,7,26,2,11,45.90914874903462,71.04389881513428,30.168468381260094,19.532783342638048,83.823922870034,263.0272134833419,290.21163286006157,0.048776138425545124
2019-05-10,1,45,27,4,48,7,1,48.81246485346621,112.06007178253205,35.84386948033753,23.17432375192724,85.77028595131897,262.78188612208004,290.17012405603646,0.2764970031893768
2019-05-14,14,25,50,10,17,2,10,52.67625603668616,168.51090343417908,43.82947439521184,28.030900319772808,88.36071014840543,262.4211505337703,290.09272289003775,0.71907130148289
2019-05-17,42,16,28,43,45,6,7,55.56882847057277,211.2452415636306,50.10367667500596,31.67437159159745,90.29990651702002,262.1274195603402,290.01853577161427,0.9543555433334243
2019-05-21,47,32,34,33,39,12,8,59.41958489439381,265.48185577647695,58.74906465989892,36.53426974692587,92.88093533662807,261.70797538714794,289.89872575091493,0.9490088214597897
2019-05-24,5,30,49,23,16,7,6,62.30396278447013,302.8488485903398,65.32571620643368,40.18097443451475,94.81363101351579,261.37477201485615,289.7936377929821,0.7466439244731197
2019-05-28,28,7,29,19,20,1,5,66.14574840924823,350.45736922682056,73.99454401124213,45.04582403108764,97.3869553984484,260.90926712883714,289.63395068968146,0.3788436198237454
2019-05-31,1,26,23,35,24,11,1,69.02436105673337,27.24183032443981,80.26959311379655,48.69637296530705,99.31449559654905,260.54691543708014,289.5001078793099,0.1292706223228926
2019-06-04,31,32,9,39,41,8,2,72.85891967814112,80.30249515238414,88.16639373580901,53.56610141367954,101.88146397699205,260.05047299633225,289.30393152676413,0.004840173449031204
2019-06-07,34,16,4,1,20,2,5,75.7318893041879,122.54423575221283,93.6692868294314,57.219901965501776,103.80434029189101,259.6713299304158,289.1443605329433,0.1592927706445002
2019-06-11,27,46,42,25,39,11,12,79.55816430140115,179.44854574012584,100.39910584526208,62.0934160414952,106.36483536699072,259.16152296938674,288.91643796137225,0.5874668207137109
2019-06-14,30,1,39,13,31,2,7,82.42471125228784,221.14690180087888,104.974942046294,65.75002627724312,108.28264667790599,258.7791526729312,288.73515137138213,0.8749598553120852
2019-06-18,44,40,12,37,24,3,7,86.24347989769012,273.85309198748365,110.42603779527788,70.62807449460341,110.83657210074607,258.2737523841046,288.4811432880663,0.995594056139587
2019-06-21,9,8,39,25,5,3,7,89.10593292941333,310.8250305667482,114.00469384726073,74.28899175097361,112.74999043953864,257.9009480754858,288.2824464485391,0.8736545159530936
2019-06-25,27,34,6,26,46,1,9,92.92144526827784,358.42167059975355,118.0451260815508,79.17387331910533,115.29903706731301,257.41644869225934,288.00817699187957,0.5412226304336506
2019-06-28,1,33,3,49,16,2,11,95.78278381689265,35.23493770351204,120.47722918567544,82.84046459701803,117.20948937229929,257.0653690376268,287.79661767513943,0.25685228184180486
2019-07-02,19,44,11,29,45,12,8,99.59786052885384,88.90993282236956,122.83001762535568,87.7331855990515,119.75527074995358,256.6177926387179,287.50853308138005,0.008850952133804657
2019-07-05,20,2,42,34,9,9,6,102.45899850868871,132.35877712042483,123.85773144433665,91.40549524774438,121.6635150848496,256.3002497474729,287.2892878982398,0.06755157385250704
2019-07-09,32,7,41,36,29,7,6,106.27314771659348,190.31278454422755,124.16026667680475,96.30525138527943,124.2062204995453,255.90475933070343,286.9947428279741,0.4506135487599546
2019-07-12,2,31,39,45,47,8,4,109.13318922915875,231.42435870596657,123.57021905521475,99.98253130292245,126.11197517602375,255.63123939561768,286.7735282649896,0.7677955051710236
2019-07-16,5,13,18,39,3,8,7,112.94653316322383,282.7028461048998,121.80001287944003,104.88919711051882,128.65150883701855,255.29998093026813,286.4800496831926,0.9919622033636148
2019-07-19,26,17,13,14,28,7,2,115.80729976826125,319.14998411217744,119.93552176139164,108.57226159956492,130.55537593475105,255.07815133750412,286.26227721928086,0.9588007278275976
2019-07-23,38,19,23,1,14,7,3,119.62378951352908,6.667703932365745,117.22288382199501,113.48751124396044,133.0933360493082,254.81987039812924,285.9768188968425,0.6955522142549957
2019-07-26,27,2,42,5,37,10,3,122.48839502698368,43.391544091097444,115.42823136543774,117.17749749634643,134.9967295454674,254.65549073668438,285.7676246647371,0.408078444544418
2019-07-30,15,27,23,40,20,3,6,126.31145239244374,97.10114000230348,113.91658224417415,122.10224936531483,137.53483864010988,254.47699966747854,285.497034756811,0.06407657161741515
2019-08-02,33,44,13,22,50,5,2,129.18141979387207,141.35581500269836,113.71960198096964,125.79916948716446,139.4386782227466,254.37456922951432,285.3015890997645,0.011914223868696339
2019-08-06,38,12,29,36,13,4,12,133.0110809146077,200.59207412017426,114.91979035412001,130.7322647741936,141.9773286753688,254.28090472092853,285.052774373719,0.31195116065284223
2019-08-09,35,41,14,2,42,11,10,135.8853687997516,241.60378414885363,116.9555523352145,134.43464194020873,143.88137983785987,254.24316671687592,284.8761049254254,0.6380554241014187
2019-08-13,31,13,33,29,40,2,3,139.72087692687498,291.864093773495,121.12873179992494,139.37443583143687,146.42036612523907,254.23623933923093,284.65521471561556,0.9424744128787369
2019-08-16,9,42,10,27,37,1,5,142.6005078432384,327.83821934295173,125.25104876655259,143.08185628786123,148.32508248265353,254.2634577422382,284.5014104739426,0.9970276765024868
2019-08-20,23,24,22,20,37,1,4,146.44505784802374,15.354644448856677,131.82639563884223,148.02868785035827,150.86582543746582,254.3426726778715,284.31333693691835,0.8274157896567353
2019-08-23,4,17,42,45,35,8,2,149.33290250291222,52.04139340760825,137.34397742081788,151.74158988764054,152.77254048714684,254.43401439880614,284.1857890329223,0.5650102322529017
2019-08-27,26,8,35,47,43,9,1,153.19000507341082,105.36887547375825,145.12738125714415,156.6958250304476,155.31675237998172,254.59793358099253,284.0347935515308,0.16526610707501233
2019-08-30,45,49,27,46,25,6,4,156.0879131561849,149.7584187022633,151.07343412613037,160.41405738726507,157.2264536334659,254.7521213084588,283.9365422069951,0.004040043270014726
2019-09-03,44,11,38,7,39,10,7,159.95801459046248,209.98210409970847,158.92758221992847,165.3743923966746,159.77463720160642,254.99864833772452,283.82644652441877,0.18053322713795938
2019-09-06,13,22,40,10,48,5,2,162.86481504969902,251.26163910837286,164.67656932478147,169.09611275856122,161.68708638367306,255.21354069069235,283.7600352139929,0.48931396505073377
2019-09-10,3,30,49,25,22,3,6,166.74616147083563,301.03286875641965,172.09410055299696,174.05988423177396,164.23884546510962,255.53879028457098,283.69351467112926,0.8506133707155986
2019-09-13,12,1,42,47,27,6,7,169.66180965311534,336.70909799793014,177.45948235152505,177.7837475151514,166.15427308069232,255.8108806160508,283.6603746254332,0.9863957103081694
2019-09-17,22,45,43,44,37,1,12,173.55636500818392,24.427350712528135,184.35308030448104,182.75032468854997,168.71076069335646,256.20994898487976,283.6387842872073,0.9270279334890406
2019-09-20,25,50,21,38,8,4,8,176.48312465864038,61.32114986449626,189.33665636145818,186.47639175001723,170.63036388394136,256.53563585865265,283.6396768868562,0.7127326593971134
2019-09-24,2,48,33,47,42,1,2,180.39399810190523,114.25177425554024,195.74693024244354,191.446100404268,173.1931986890718,257.0039125906928,283.6638072476686,0.2987028516605359
2019-09-27,46,43,41,37,24,8,2,183.33371548343834,158.12811801043196,200.38675928016397,195.17453816807796,175.11795875181133,257.3798756063937,283.6991962582558,0.04895351652460017
2019-10-01,40,18,11,2,46,4,1,187.2615418116389,218.50588625106965,206.3550630295222,200.1468243048595,177.68767035196007,257.9129373914626,283.7694661065967,0.07365088570256656
2019-10-04,44,41,35,9,6,9,6,190.21293520176428,260.14146070834386,210.6655914651292,203.8762859848821,179.61730661298455,258.33558987255475,283.83937868250734,0.33077698036021785
2019-10-08,44,15,49,10,7,3,12,194.154990119839,309.8915700696159,216.17703921536386,208.84862588906321,182.19325968726696,258.9280539658377,283.95521476929287,0.7194401395866092
2019-10-11,42,45,19,2,14,5,6,197.11678940429522,345.471229158511,220.11214450005613,212.57752293900543,184.127722705051,259.393074402089,284.05877093074326,0.9252532417446504
2019-10-15,3,34,31,32,28,4,5,201.0733742531615,33.60662613769569,225.03808829103798,217.54894926324965,186.71071334608476,260.0392750745888,284.21863874858576,0.9861640405804689
2019-10-18,18,22,42,41,8,11,12,204.046877732747,71.06947447342371,228.42879331224893,221.27731584785124,188.65101109054186,260.54267298890966,284.354569391547,0.8404011381321534
2019-10-22,2,5,33,47,32,7,8,208.0202654990299,124.05445857644513,232.39719277674976,226.24849224863388,191.24251290164923,261.23766449518996,284.55671878057376,0.4479776821090843
2019-10-25,37,50,34,39,40,4,10,211.00702481898057,167.12510406490443,234.80402628582007,229.9770392387939,193.1895790889039,261.77596917755534,284.72369299996694,0.14073925755552935
2019-10-29,49,42,28,16,18,10,5,214.99779979084994,226.58543981076434,236.91568085127224,234.94847336695025,195.79009183459365,262.5152256618893,284.9662709757656,0.011310625971014343
2019-11-01,39,2,44,20,48,5,7,217.9964424896938,268.2782722939359,237.36301195537334,238.6766588219852,197.74357763809112,263.0848574753784,285.1627030239202,0.18159197259793652
2019-11-05,25,14,33,9,48,12,2,222.00109607238323,318.24406582195417,235.9530292668913,243.6463749444178,200.3522108431985,263.8631536219197,285.4431470719524,0.5568488492245216
2019-11-08,20,8,45,23,17,2,8,225.00917769673356,353.86612393471,233.25586845808755,247.37247647795405,202.3117617948372,264.4600089251829,285.6668094051691,0.813923210910102
2019-11-12,1,25,21,39,23,2,4,229.02614154342908,42.490604454864304,228.18550880887125,252.33888122881913,204.92889083203684,265.27203643034227,285.98197077318963,0.9954917098788216
2019-11-15,20,13,34,3,32,4,11,232.0437243295863,80.83779287827058,224.51149862422787,256.06241493916906,206.89528135010266,265.8924113963317,286.2305002895611,0.9379740660335572
2019-11-19,10,15,42,30,8,4,6,236.07411435678435,134.64478111139127,221.62560314340402,261.02565413169395,209.52221341982496,266.733620409086,286.5773070781823,0.5995800998630643
2019-11-22,3,48,32,34,21,3,11,239.10228734850628,177.12539294256004,221.44838327364263,264.7471490174417,211.49633081350737,267.3743379720864,286.848468909687,0.2659467809178664
2019-11-26,34,3,15,2,19,5,8,243.14654220165744,234.9004547208039,223.5005124882018,269.7077914683408,214.13353197622612,268.24056480674506,287.22394661240656,0.006108473402295755
2019-11-29,50,42,12,3,7,6,8,246.18393770337866,276.06118897908834,226.26425680256614,273.42681417564376,216.11495736451278,268.89830652333393,287.51537229002065,0.06685954136615713
2019-12-03,32,31,38,18,48,12,4,250.23813368653907,326.14134582746095,230.95587526748187,278.3826016768797,218.76129757638853,269.78470200773154,287.91602514780766,0.3805824474236983
2019-12-06,46,1,39,3,27,1,10,253.28144855480082,1.8381368771483284,234.9362859165812,282.09663129129416,220.74938235350808,270.4556654923655,288.22488588396925,0.6601965686974138
2019-12-10,19,47,21,2,10,8,2,257.3423561460888,50.78483643968333,240.59286861932497,287.0441753779161,223.40479759669546,271.3573002098821,288.6468754982343,0.9466738414664637
2019-12-13,16,9,23,18,32,2,10,260.39038625980805,90.07172101382123,244.99176843739926,290.75107870157984,225.40005609328747,272.0380314762622,288.9703545284278,0.9928596614402895
2019-12-17,7,1,12,25,49,9,6,264.45786051379184,145.45287217849855,250.979102194526,295.68830061376696,228.06568848168425,272.95065748292893,289.41007901469,0.7431506631668636
2019-12-20,8,24,32,34,30,3,4,267.5112287931803,187.95579137561015,255.5306127684454,299.3871309157245,230.06899885024978,273.63818286200444,289.74559170284766,0.4105613376832963
2019-12-24,47,14,11,13,3,3,6,271.5857160166849,243.98250312829043,261.65999958701826,304.3130593263846,232.74533639435842,274.55785250660807,290.1996454108506,0.05752514551044896
2019-12-27,22,26,35,7,1,5,10,274.6433151486204,284.07410003154416,266.2986006477671,308.00244513364567,234.75623595794718,275.24897646481776,290.54452068019447,0.006853321137323731
2019-12-31,41,31,48,33,26,4,2,278.7210442105343,333.89952187087977,272.5419351841934,312.9133856988723,237.44193997592498,276.1709901451371,291.00906143851864,0.2167365486741335
2020-01-03,15,5,20,47,36,12,8,281.7792568529174,9.616480588079957,277.27430494634945,316.5892739277867,239.4595125573838,276.86201921488697,291.36026934226084,0.4831360773966887
2020-01-07,8,37,12,5,43,11,6,285.85599181377205,58.5632633115296,283.6624285236697,321.4790485740425,242.1540896090113,277.7815546424101,291.8312523590351,0.8395672554887016
2020-01-10,32,44,17,6,46,2,6,288.91265108205215,98.46482620762863,288.52090517768966,325.13676592730076,244.17856964749583,278.4690736222794,292.1858507591263,0.9918109069399044
2020-01-14,25,39,21,44,29,9,8,292.98717890406505,155.7232618967197,295.1000536671417,329.999660328294,246.8829843224297,279.3819011525592,292.6595438599055,0.8673729116223611
2020-01-17,20,8,29,44,19,8,3,296.04257387514957,198.9573487265046,300.1147326417194,333.63567545165665,248.91527464663008,280.0629321895884,293.0148757398902,0.5633427712336047
2020-01-21,36,10,24,11,46,3,5,300.11567969682676,253.8458064667492,306.90376680578476,338.4678601829069,251.63010902671493,280.96504703849394,293.4877873983656,0.15520163029480738
2020-01-24,9,6,4,3,24,8,5,303.1693544511069,292.718363601761,312.05608813573485,342.0790718517324,253.66973274959696,281.63630340502505,293.8411184511317,0.008536592380462393
2020-01-28,31,27,1,19,38,5,4,307.23811786147985,341.9189932080249,318.9460134988969,346.8745819114166,256.3934359501055,282.5228498686755,294.30935000730017,0.09081873325654033
2020-01-31,20,23,13,30,18,2,4,310.2867800496198,17.58597330450487,324.0456817732262,350.45486729466114,258.4391957037513,283.1805119140124,294.6576466073018,0.30947436564485675
2020-02-04,35,21,33,23,47,6,7,314.3468514266227,66.29966030323763,330.533565934181,355.2039804966309,261.17080835871536,284.0464702975353,295.1171915142259,0.6882826790431567
2020-02-07,17,15,9,25,40,9,3,317.38792454955455,106.27015974341734,334.9188569592007,358.7453690580978,263.22259817093436,284.68694187840237,295.45755967486986,0.9290793467083527
2020-02-11,43,26,24,32,46,6,10,321.43746448937793,164.95980769078923,339.6046645211785,3.437229995849957,265.9628070325027,285.5278163976241,295.9047758566613,0.9571474370570972
2020-02-14,5,35,20,41,49,10,6,324.4710813275401,209.35013933685863,341.82564799482907,6.932087911625914,268.02151087597616,286.14790960473726,296.2346454653159,0.7134742034932046
2020-02-18,34,32,11,38,47,10,2,328.51149569518816,264.00414439864255,342.5379929953016,11.557698021819077,270.77098179923513,286.95937144393656,296.66616390307115,0.2861197661309203
2020-02-21,32,23,30,45,7,5,9,331.53820372815596,301.9416592654891,341.29221245751216,14.999380887717331,272.8360817228951,287.5555057320335,296.9828908276084,0.06631634802521952
2020-02-25,4,42,18,27,1,6,4,335.56805812938256,350.40542568592036,337.7873821055262,19.54788437366431,275.5929337531203,288.33226502031346,297.3949555344705,0.01845022778881178
2020-02-28,8,11,23,20,22,4,3,338.5854447025696,26.014419864358924,334.56708483966577,22.92588926005439,277.66282035320836,288.9002910396887,297.69565071869056,0.1639500667099319
2020-03-03,27,44,4,14,45,10,1,342.6010764685078,74.54416340246021,330.7707650764731,27.380228211786456,280.4254305391034,289.636888186574,298.08449958240254,0.5182809028327898
2020-03-06,15,43,38,45,46,11,1,345.6067204209123,114.19641141871105,328.8855807202931,30.679727520266017,282.49947714873673,290.1728737694311,298.3664828215482,0.813977394481282
2020-03-10,23,43,30,11,37,5,12,349.60616131805455,173.30192144467142,327.94097052623044,35.01780249520592,285.26796543595486,290.86437046834345,298.72879855948497,0.9970527791678447
2020-03-13,21,3,11,36,27,10,9,352.6001622543235,218.6880266748672,328.342424237315,38.22124134209284,287.3468283863768,291.36480556312006,298.9897718426785,0.8466118439418879
2020-03-17,5,7,16,8,20,12,2,356.58546206521277,273.82426240656235,330.1162592769199,42.419504165681616,290.12172386929416,292.00642789929776,299.32257050670825,0.43819786680435446
2020-03-20,40,9,20,34,3,6,12,359.56947711712314,311.33147042043055,332.20326725005407,45.508566341647146,292.20467956844425,292.4673705312191,299.56019215961635,0.16890636280432353
2020-03-24,33,12,7,26,30,11,10,3.5410309389451498,359.2429456445683,335.78420308689243,49.5387645240542,294.9834520206698,293.05334411897456,299.86016714855566,0.0033165701171931072
2020-03-27,14,41,27,46,11,3,2,6.51386473707768,34.877876560663616,338.9598079688279,52.487479945554085,297.06815580689437,293.47032301887924,300.0719439198539,0.061758386715201175
2020-03-31,30,12,17,24,36,9,1,10.469178616592963,83.54698741131212,343.7323112976526,56.307423989565834,299.84803346755035,293.9948505221853,300.3359512349922,0.35529477856664937
2020-04-03,50,16,34,19,46,2,6,13.428931184077717,122.89764401817466,347.6616037391196,59.078041096436166,301.93294726854486,294.36375741906244,300.51973183621993,0.6687280371977561
2020-04-07,33,14,4,48,5,7,12,17.36626351137235,181.4602606296902,353.315688136692,62.62851517637701,304.712909512559,294.82178436967985,300.7452437554929,0.9799137733598784
2020-04-10,33,17,3,39,10,1,4,20.313032765989846,227.1204983481582,357.84686186665255,65.17021616443498,306.7980151265348,295.13911324613315,300.8993797468064,0.9451849634686063
2020-04-14,40,34,29,6,35,11,4,24.234828420732974,282.9046320723081,4.2613258437956585,68.37621264889249,309.57790378974033,295.525972803687,301.08434124864624,0.5986397115836672
2020-04-17,37,32,45,28,16,1,11,27.17117747642291,320.43256975078896,9.349650531297234,70.62679246215795,311.66188103362305,295.7879413907641,301.207239260026,0.3044327505441667
2020-04-21,11,10,23,14,28,6,8,31.07960727649956,8.114242550398659,16.50808028128667,73.39301053086403,314.4379091303807,296.09824784110134,301.34944656605774,0.041755752028757365
2020-04-24,28,5,1,21,19,7,4,34.00565406986534,43.90961978246321,22.16124693041611,75.2680028176799,316.5171050981797,296.30087603462454,301.4395453939498,0.00865682226006681
2020-04-28,32,28,26,15,23,1,5,37.899557387417744,93.16784811366306,30.074638246588925,77.46119104531095,319.2844713686771,296.5298279646837,301.5372541879946,0.21600662818378552
2020-05-01,47,20,19,45,38,2,6,40.81404853321207,132.5814384498096,36.27197712974078,78.84427610920729,321.3557369656143,296.67004234137676,301.59357145700955,0.5170901692291549
2020-05-05,2,27,22,10,41,3,2,44.69204521990913,190.20380100329015,44.8066696424441,80.28805031273188,324.1113105545533,296.8143749609483,301.64596303630543,0.9122431218577498
2020-05-08,33,38,8,25,32,9,7,47.59503724076405,235.26322904684724,51.31071922377153,81.03479650990519,326.17320028136095,296.8903140842745,301.66822887540457,0.9947431511586478
2020-05-12,16,9,29,39,37,4,11,51.45959968542223,291.25460333510335,59.90585703370472,81.53344879401301,328.9151401313357,296.9479435449431,301.6751965225767,0.7512486508118663
2020-05-15,34,23,32,39,11,1,6,54.35415771690083,329.00871734060973,66.13029525052183,81.50708020444864,330.96500639737843,296.9580882292866,301.66337251700537,0.46046534359954583
2020-05-19,43,32,37,25,5,6,7,58.20883553652718,16.722802152650317,73.92710742508577,80.91316375743455,333.6872258887101,296.92719906387487,301.62495265536677,0.12751345542805598
2020-05-22,18,22,32,3,27,2,7,61.096281816174,52.77930459635188,79.30334213172706,80.04952890060085,335.7191877476356,296.87074261443917,301.5793027548659,0.0058720999146035235
2020-05-26,9,4,27,14,21,4,6,64.9412205431793,103.02765722865067,85.7660885936549,78.38126427690216,338.4134198636891,296.7514996734699,301.4963820432256,0.10767052169894709
2020-05-29,4,11,8,46,19,4,8,67.82092561694095,143.01687985407898,90.05477677704076,76.80419691294681,340.4215414574675,296.62966897304426,301.4180393549149,0.37435610757038806
2020-06-02,49,22,12,26,10,11,7,71.65505720006647,199.89876515580585,94.99260311783122,74.41076597506527,343.0809301313513,296.4252867606685,301.2927804489355,0.8100334798219373
2020-06-05,24,11,37,17,5,6,3,74.52694273832812,243.7790288946081,98.08016951950327,72.52660625985244,345.06109927243256,296.2415745352856,301.18379425926446,0.9910876402071379
2020-06-09,46,36,27,5,15,8,2,78.3524156871541,299.2263521705585,101.31597494158781,70.10472263042716,347.68040576928246,295.9576836823149,301.019254145464,0.8775680709821021
2020-06-12,24,39,46,2,45,4,8,81.21960627053853,337.12219032689757,103.03272228665253,68.48928611821282,349.62730096237783,295.7168007089603,300.88202132984105,0.621846159357748
2020-06-16,39,9,11,4,17,2,10,85.04075910624404,24.952640685577183,104.30383717106112,66.75542837247156,352.19620780096244,295.36055118004526,300.6815986544804,0.25247083506501844
2020-06-19,14,5,24,43,19,3,11,87.90550799684108,61.264328416700124,104.46483171628648,65.83594961440305,354.1000851350595,295.06890368091683,300.5189891463442,0.053429650504427384
2020-06-23,19,46,49,12,2,8,1,91.7236459949992,112.69926631741426,103.65551585206327,65.16131350821979,356.6043245724657,294.6506284491963,300.28712315894404,0.034186244667253285
2020-06-26,12,26,21,1,10,5,11,94.58588285967578,153.73647860488325,102.38900918244605,65.06968193806208,358.45431756580956,294.3173778574989,300.1029648604585,0.2464980976646859
2020-06-30,11,42,1,28,6,2,10,98.4001244777681,210.4363464801002,100.14241803401222,65.47419032938043,0.880272774496187,293.8510431023432,299.845387393894,0.6887397849784569
2020-07-03,27,4,16,39,37,3,6,101.2595013873052,253.0233689409114,98.35606218334715,66.1451031085818,2.6672449812097248,293.48765319049477,299.64432536976375,0.9407599595991941
2020-07-07,41,33,23,12,16,8,10,105.07136653850834,307.28406602246963,96.35506734018726,67.48276821595135,5.002930769380861,292.98913398257173,299.3673860628778,0.9622433046686552
2020-07-10,30,38,15,17,23,2,7,107.93068868134026,345.0513798779648,95.44758060512827,68.78449647139873,6.716117587543287,292.60764515086373,299.1541672037302,0.7707870681311484
2020-07-14,30,22,37,11,47,9,10,111.74468747890538,32.90975064360977,95.33465542099063,70.86898942532407,8.942880854063969,292.0933217306979,298.8642589500026,0.40466082683568216
2020-07-17,7,27,41,15,43,7,9,114.6067574786388,69.35201055013187,96.17780015790407,72.66264552557874,10.565251728609466,291.706519904592,298.64387165655427,0.14886446830501432
2020-07-21,29,15,42,14,24,2,4,118.42509897960726,121.85523937633535,98.58231513132806,75.31977444788416,12.657688866947229,291.19423009768303,298.3480245781305,0.0015556885893640016
2020-07-24,8,28,50,27,9,12,4,121.29034279958226,164.21476592387918,101.33035560456177,77.48700992872803,14.169157260453677,290.8159769783695,298.1260264955177,0.13662476844686838
2020-07-28,34,17,13,9,15,7,2,125.11224207555583,221.3973708090684,106.19249011789954,80.57848412834446,16.100805980396842,290.32444593233697,297.831926730586,0.5568440734986339
2020-07-31,30,46,24,21,49,2,5,127.97990851758632,262.9600186865491,110.6685073819428,83.03139992414752,17.482530220106057,289.9684684408776,297.61410882370694,0.8543908527092465
2020-08-04,42,2,5,1,15,8,5,131.8059754458034,315.7634981886327,117.5782522951745,86.4603521589807,19.228189123954948,289.51477747599927,297.32917917456695,0.9977242771797978
2020-08-07,36,20,5,41,21,11,6,134.67824171979154,353.12201779193845,123.30093073581158,89.13860126199232,20.458778178063277,289.1927656064284,297.120786872623,0.8903909743568208
2020-08-11,14,13,50,8,42,3,9,138.51261418873534,40.85658339682381,131.35140245260206,92.83549986962466,21.984123346302045,288.7913067789569,296.8517253565194,0.5675960661380377
2020-08-14,49,10,42,9,19,4,12,141.39241241960363,77.25813026248484,137.50243000146963,95.69275727159497,23.033663902191915,288.5134255689175,296.65769606427494,0.2836024233353994
2020-08-18,12,34,42,17,6,12,5,145.23782731255002,130.3925293872286,145.6244472304694,99.6022996979629,24.29497196369019,288.17703073433677,296.41105404346973,0.017649637041413035
2020-08-21,10,35,50,15,44,5,3,148.12598391338952,174.00667999483272,151.55832158501434,102.60152879297067,25.129356886808267,287.9523065161222,296.2362678925831,0.05206330920068536
2020-08-25,18,37,39,30,7,10,8,151.98172846515106,232.2273854929323,159.18785563679546,106.68030673701034,26.082682005756503,287.6919288479188,296.01839114755836,0.4174766969265292
2020-08-28,31,16,17,7,12,9,7,154.87700825273845,273.25944632172144,164.68127321834547,109.79418611106667,26.67201342992651,287.5273802290119,295.8672989941539,0.7398169517017473
2020-09-01,46,8,4,33,10,8,11,158.74251597158383,324.741802711646,171.7009110561157,114.01336665745193,27.280896024572076,287.35030596263306,295.6834245782622,0.9838021469448994
2020-09-04,6,29,43,40,22,7,4,161.64617584707892,1.5413030394298521,176.74443628800657,117.22486675609295,27.598085188270332,287.2499235488405,295.5594068374609,0.9684770435574492
2020-09-08,9,35,2,41,31,12,9,165.5247304626388,49.07548253572738,183.18712851574236,121.5649185522278,27.825500302758645,287.1601049565174,295.41352811738216,0.7229498639732921
2020-09-11,34,38,45,43,42,12,9,168.43942361410294,85.34743581507446,187.8143286873215,124.86037136452502,27.844171407487607,287.12617440193543,295.3193403408718,0.4419043519141015
2020-09-15,38,25,30,16,20,8,6,172.33381546630847,138.53196610361405,193.7138617472417,129.30370260985072,27.66212651941606,287.1259547151422,295.21489142461775,0.0862961015944747
2020-09-18,25,45,19,2,10,1,7,175.26058471199715,182.91309826506162,197.93108502718974,132.6701866469034,27.37110820620588,287.15973511938876,295.15293183883017,0.006132965720044015
2020-09-22,28,39,25,40,16,1,6,179.1701549489167,242.38148570857618,203.25595611968754,137.20006230423024,26.785793383815303,287.2499771182142,295.0927813665766,0.2755477523243989
2020-09-25,34,45,19,23,37,1,7,182.10728289893146,283.43937740780973,206.9981512237344,140.6262769529772,26.209836709720204,287.3512216089078,295.06478951118777,0.6010953352240012
2020-09-29,16,14,4,44,41,11,12,186.0300992360391,334.0366899312333,211.58451187991895,145.23084901916695,25.280854020497863,287.5301333200069,295.0504971123283,0.9232361900845778
2020-10-02,15,45,12,6,40,9,3,188.97763648085987,10.301829286796247,214.64947340583907,148.7103038262431,24.481197621063245,287.6966051607519,295.0571169616976,0.998155849123008
2020-10-06,41,36,4,21,47,11,9,192.91566956481998,57.714173456004026,218.07450187255486,153.38244979997032,23.30912539030131,287.96064929635924,295.0891134128029,0.8544083015107163
2020-10-09,15,11,35,50,41,8,5,195.8756242765665,93.95988264309689,219.98488516569503,156.90988607421912,22.375517372360946,288.18957230760896,295.13049198424824,0.6046006747145841
2020-10-13,5,41,46,38,14,10,1,199.83123984537548,146.79777306973932,221.32321812668744,161.64210421254114,21.098474762655602,288.5350023204505,295.2088047511706,0.2012341961187386
2020-10-16,15,40,38,33,50,6,3,202.8046219745716,191.16486385313132,221.14262197070389,165.21129973869515,20.146345110887214,288.82353439338175,295.2848398536445,0.01222002119128529
2020-10-20,15,5,42,37,6,4,3,206.77716402242544,251.5071858875033,218.97540022177753,169.99430347029127,18.929309784421157,289.2463474916617,295.40908494957966,0.14449537684666336
2020-10-23,19,23,10,21,15,3,12,209.76187065083397,293.01698195323905,215.94501952102436,173.59811381670858,18.084411049425796,289.59105531574176,295.5191540524453,0.4437584858081949
2020-10-27,13,15,28,44,32,12,3,213.74805587122052,343.2973179309149,210.97665914354837,178.42380691023914,17.08272752597624,290.08586993767176,295.68789754859006,0.818748247018654
2020-10-30,21,16,20,12,28,9,3,216.74275329485798,19.186690132682582,207.75513087353903,182.05782730534605,16.442704314965194,290.4823166214079,295.8305513695772,0.9756331899870427
2020-11-03,5,7,18,20,30,7,6,220.7428625999226,66.68235148706731,205.66893944042607,186.92181795129278,15.756165541415811,291.043227775467,296.0416432859391,0.949132587957064
2020-11-06,12,37,7,50,40,1,2,223.74863084841394,103.20917186810384,206.0771810232573,190.5830159609261,15.374713188903772,291.48720209091607,296.2152320851333,0.754369721506015
2020-11-10,19,3,38,32,29,12,5,227.7642597852544,155.7747645442479,208.82283327461718,195.48095499272313,15.051035315931347,292.1089111265645,296.4664615743063,0.3465047244633733
2020-11-13,31,17,1,28,5,1,10,230.78187701225139,199.44000210031575,212.0411797499064,199.16556665726176,14.949183922125433,292.59663419410083,296.6693090786592,0.0743129019734946
2020-11-17,30,25,44,19,16,6,2,234.81234927943316,259.68614564255427,217.2559316137804,204.091304503824,15.00142005390142,293.2741551509305,296.9583203265247,0.04618763164982592
2020-11-20,28,50,48,39,29,5,7,237.83952719811361,301.7105440972101,221.568187621508,207.79403915161257,15.179067778052946,293.801660706241,297.18842749958986,0.28171064624092357
2020-11-24,50,33,38,42,25,12,8,241.880531989119,352.1611631734512,227.590727980743,212.74097076575393,15.59251504206179,294.529195361774,297.512120485619,0.6749629902839669
2020-11-27,8,14,16,5,2,9,8,244.91463663436267,27.8797110487428,232.2108696332102,216.4580982833073,16.027583279595632,295.09193440890095,297.76692776521253,0.8991604955775938
2020-12-01,29,49,20,14,47,12,4,248.96464275704884,75.66565848786344,238.42875951680534,221.42290017454553,16.762452380708503,295.8636147053335,298.12183902795584,0.996430028652252
2020-12-04,14,38,20,27,34,1,11,252.00569188387385,112.86913529232403,243.1091758828783,225.1525870711933,17.421629903275278,296.4574962553667,298.398815163388,0.877672813033851
2020-12-08,1,46,21,4,24,2,12,256.065411535592,165.73425811784577,249.35753075003393,230.1330202714295,18.43341411233717,297.26827182428207,298.7816745041741,0.5032604224891715
2020-12-11,41,13,24,9,6,3,12,259.1139245120249,208.50563544326212,254.0489234523377,233.8734106992764,19.285172645794443,297.8897476288086,299.0784205914673,0.18296616999866844
2020-12-15,21,9,35,13,29,2,1,263.1827916538363,267.5452300838301,260.3173315769994,238.8661203717954,20.535958205094246,298.73497670276157,299.4859841884953,0.001545269804119398
2020-12-18,2,21,17,3,13,7,8,266.23661021259784,309.6563212476926,265.0355710150101,242.6138675006656,21.554415952312965,299.3803792525912,299.7998962838674,0.13875644640850737
2020-12-22,42,10,50,2,16,11,4,270.3099200932195,0.44847884688232603,271.3612999225729,247.61412573534093,23.01013036641021,300.2547484372454,300.2283674951356,0.5038211705745241
2020-12-25,16,21,27,30,32,3,5,273.3655363783587,36.15267897608548,276.13995275300175,251.36638720527378,24.168729104971103,300.9199454181382,300.5564517770429,0.7719625703189537
2020-12-29,7,40,39,45,32,8,3,277.4402463324968,84.29136776113413,282.56706770470026,256.3718915927605,25.793682015117373,301.81815605428375,301.00188116439085,0.9871772398237939
2021-01-01,32,16,48,44,28,1,9,280.4967045230628,122.4463117498253,287.43192991737294,260.12780605011216,27.06705528714683,302.49947322190815,301.34129521951246,0.9628094115943524
2021-01-05,37,42,12,34,38,3,1,284.5727765304495,176.4121674206389,293.970879560102,265.13802533817346,28.830867947664785,303.41702143016084,301.800060187738,0.6561027786072207
2021-01-08,42,23,37,41,18,4,6,287.6305041558215,218.6744712668491,298.89632888337917,268.89730600036245,30.199415227906947,304.11130741444146,302.14817701113486,0.3207516360945471
2021-01-12,10,34,2,35,18,6,9,291.70782630048467,275.93341075773617,305.4297189090048,273.91124098252584,32.080506090657686,305.04404149367906,302.6167556308688,0.018721997511361055
2021-01-15,27,10,4,40,38,11,3,294.7652124745437,317.42850834024836,310.22100996275043,277.67225204271665,33.530604552222435,305.74797545960314,302.9707852084297,0.04053277872409328
2021-01-19,25,35,31,27,43,5,6,298.8394996778757,8.299190402726317,316.24298383156287,282.68687429210985,35.51166846540403,306.69105240807176,303.44519277502286,0.3274900213041412
2021-01-22,16,47,42,8,44,7,6,301.89284083272014,44.0320224674745,320.2337788228504,286.44746793459524,37.02979984949681,307.4008592919418,303.802052576043,0.6071035282818096
2021-01-26,7,37,25,40,5,2,8,305.96024813594505,92.38945591967659,324.30453632952623,291.4608995778657,39.092438591282466,308.34942117910566,304.2782689470969,0.9173352447759091
2021-01-29,27,36,5,42,1,6,1,309.0079333716106,131.45541079040905,325.95250348715024,295.22046717344966,40.665430209377305,309.06171931247496,304.6350869592066,0.9982927509711146
2021-02-02,38,18,48,20,35,9,12,313.0679613039006,187.12750441326202,325.6931933726654,300.232736914239,42.793971497152334,310.0116226940778,305.1094823767956,0.793633957281092
2021-02-05,45,12,37,19,44,6,2,316.1105651589078,229.5843294480768,323.62226446641114,303.9916738502696,44.41204636800162,310.7235103117328,305.4636440830397,0.4710428478640397
2021-02-09,24,5,31,10,37,9,10,320.16397787565535,285.30588955660676,319.2263548620408,309.00302226625035,46.59648612418061,311.6708800371073,305.9327138939925,0.0900858249140043
2021-02-12,32,7,36,30,23,12,8,323.20085999391546,325.67809462416926,315.7624820562216,312.76068825493775,48.253809695837035,312.3791987660828,306.281443874727,0.0021834860686863466
2021-02-16,30,25,29,9,5,6,7,327.2445545656562,16.10692661059271,312.29382718566876,317.76906459655726,50.48666477273037,313.31938202627185,306.7412575110262,0.1733728086654941
2021-02-19,25,48,4,46,12,12,7,330.27250437440387,51.8024246569323,310.98296160242757,321.52358448098005,52.17693361965018,314.02048854078083,307.0815518149443,0.428202952679596
2021-02-23,30,9,39,18,45,3,1,334.30268856547497,100.15755158253491,310.9497489602503,326.5269250611019,54.4490269172372,314.9487601682944,307.5282276876601,0.7938901674179751
2021-02-26,6,12,22,29,33,11,6,337.319875727315,139.7622661992613,312.01347065349177,330.2773459435592,56.16536727725437,315.63932976817483,307.85733307314393,0.9757494476958475
2021-03-02,24,49,19,26,2,6,7,341.3358767704706,197.17245010202933,314.5582335210024,335.2752975872938,58.46835735806913,316.55158793428507,308.2874241185852,0.9048645716482704
2021-03-05,4,46,5,39,48,7,10,344.34314873228107,240.46890669035443,317.1260473436769,339.0220012010132,60.20571364727035,317.2287296372247,308.6028779272067,0.6217904132523646
2021-03-09,16,21,33,32,1,11,12,348.3468437119825,295.44590140168555,321.22548398296715,344.0152991876498,62.535034254426364,318.1210526372161,309.0130797199601,0.2000084176763528
2021-03-12,11,4,6,44,9,10,11,351.34480544570647,334.6617046373966,324.70879669092767,347.7582816673865,64.29121944231201,318.78151347310876,309.31225542370936,0.023163313107548045
2021-03-16,32,25,23,47,35,2,6,355.3347735078645,24.245237806354858,329.7997956448258,352.74566458928143,66.64405873439156,319.6490723316516,309.69887023591315,0.06358103099759482
2021-03-19,35,44,43,9,3,10,1,358.3211786685631,59.81406181083209,333.90901983070364,356.48337195506605,68.41627498855031,320.28906024316467,309.97898262014496,0.26245821024736393
2021-03-23,2,26,29,36,49,3,9,2.2943468961088342,108.04865808057295,339.73595492013925,1.462780153930312,70.78802741980473,321.1268979591225,310.33847028367137,0.6365715939433615
2021-03-26,49,12,50,10,37,8,3,5.267530452736433,147.71712479256894,344.3522344572662,5.194025766971742,72.57256135141981,321.742878702915,310.5970500755598,0.8963252710177678
2021-03-30,42,24,29,28,27,8,4,9.223238683645743,206.23407359139858,350.8271498922122,10.164706086078251,74.95852725639544,322.5465835027924,310.92638316924496,0.9770713121220552
2021-04-02,21,47,4,40,34,2,5,12.184252876306488,250.6319232370295,355.924342476295,13.88975237533365,76.752594850983,323.13541706492776,311.1613112958077,0.7628722458702777
2021-04-06,50,21,37,38,2,8,7,16.12536734564703,305.73480864456076,3.049261258004859,18.852857557240405,79.15075739042973,323.9006791451309,311.4576643160202,0.3342090973837419
2021-04-09,44,8,35,32,2,8,11,19.076073667589327,344.140022319305,8.645012006146471,22.572434730421445,80.95390580626659,324.4587601791427,311.6666922781827,0.09292464291256947
2021-04-13,47,16,31,50,20,8,2,23.003015973534104,32.821388809171125,16.44291098024737,27.527841971165223,83.36378014227469,325.18022956559565,311.926938486458,0.008004523114805318
2021-04-16,29,11,40,48,6,9,5,25.942321021414152,68.25505915427938,22.530665090400387,31.241088323938058,85.17502769163893,325.7033722463521,312.10778445802754,0.13076744610483926
2021-04-20,28,46,17,5,41,11,10,29.853051135212297,116.47072252685469,30.90525386362202,36.18729697255831,87.5944374108987,326.37557650761363,312.3291553025175,0.47107309263081193
2021-04-23,29,19,15,3,14,2,8,32.77967362421249,155.92268284439064,37.29301061430946,39.89317332799309,89.41178532577885,326.85986259757345,312.47999621727166,0.7739133586985492
2021-04-27,13,49,14,24,35,1,10,36.67361160101324,214.57661479806282,45.7499340421168,44.82931980870813,91.83800740839058,327.47789416984085,312.66041561604504,0.9990209099929694
2021-04-30,1,28,24,46,16,11,2,39.588613133638496,259.80271768704205,51.87390820338958,48.52795620400142,93.6598541720003,327.91982941368315,312.7799098715082,0.8819355409910901
2021-05-04,46,13,10,28,3,11,4,43.46918125047834,315.5833755766748,59.49993642983009,53.45540252838485,96.09211995277857,328.4789022071054,312.91766234888564,0.4824733851440019
2021-05-07,33,38,47,22,14,9,8,46.37542208905458,353.64543089746553,64.68541024818562,57.148127715799404,97.91886540552758,328.8745092133829,313.00445868264967,0.19978241795288332
2021-05-11,14,46,43,34,25,6,5,50.24474457027849,41.66309559378756,70.7668815447653,62.06784940265751,100.35792941202487,329.3688063062767,313.0977482172732,0.006175151662455802
2021-05-14,6,38,29,16,18,6,11,53.14226813147877,77.06809239397188,74.65423817137396,65.75451534903812,102.18961822543892,329.7136273683937,313.1506911058476,0.043344275852200964
2021-05-18,13,39,40,38,5,4,12,56.999354707619986,125.57125204992967,78.88463347145823,70.6655675905013,104.63470103504955,330.13746884056553,313.19842577635234,0.31854251395350625
2021-05-21,9,13,35,2,15,10,3,59.88729996179592,164.85197305124282,81.3059007576438,74.3452287328606,106.4703303793745,330.42755990015706,313.2170718549456,0.6299732936934266
2021-05-25,38,21,26,1,30,8,2,63.731628434398644,222.85208073409206,83.47649464101355,79.24640511330924,108.91986198552343,330.7761967713922,313.21916579050026,0.9675688717423085
2021-05-28,16,40,13,11,34,1,12,66.61085984155811,268.22366414517137,84.28275515293399,82.91865738130878,110.75849035095892,331.0083323250145,313.2037665030781,0.9643971793085826
2021-06-01,35,10,44,3,26,7,6,70.44586103011173,324.6983361633266,84.2692698133175,87.81068366697129,113.21232159543936,331.2775244502621,313.16074918891354,0.6350859051741895
2021-06-04,40,20,36,46,7,2,4,73.31980121142877,2.7823324442992314,83.51098337649125,91.4767503380132,115.05475278128792,331.44829226485575,313.11174196161056,0.3346125641290806
2021-06-08,47,26,2,36,11,9,7,77.14893547421016,50.477348670907006,81.73795203222753,96.36091694005894,117.51430579213206,331.6332812103688,313.02438721935334,0.05365784090804748
2021-06-11,17,33,9,21,39,7,11,80.01864006190672,86.01998944640174,80.09540718322663,100.02090753613628,119.36119948462098,331.73933231490014,312.94269928269773,0.0030120037700872015
2021-06-15,30,31,11,26,21,2,3,83.8418524047746,135.2170625715961,77.95757797173798,104.896270917343,121.82655042150634,331.8364268378408,312.8128861381781,0.19035164295827212
2021-06-18,27,20,41,11,30,3,5,86.7068028765677,174.63742412350223,76.70774053956815,108.54891724896399,123.6775045734099,331.87572702658866,312.70042592519326,0.48356941862769415
2021-06-22,27,24,26,6,41,8,3,90.52353162966772,231.6980843178906,75.86890662770928,113.41335486566345,126.14776945578785,331.88330677291765,312.5313260794708,0.8906802214199443
2021-06-25,33,29,36,1,30,12,3,93.38423337799819,276.4697187317463,76.0052403187669,117.05720048517472,128.00221645560018,331.8554045884196,312.3908443176212,0.998808440140439
2021-06-29,6,12,24,20,48,6,5,97.1974367477991,333.1406061972339,77.29281698034758,121.90988819543045,130.4775346221969,331.77348369189565,312.1863655366253,0.77861008988129
2021-07-02,49,29,38,9,14,7,10,100.05738791113193,11.380496940124281,79.08847966880855,125.54527832190891,132.33643269616675,331.67861444036856,312.02087841187466,0.4883669278198021
2021-07-06,2,42,5,27,21,9,11,103.87133934524067,59.01866824012532,82.55144846446072,130.3869623492979,134.81854956018037,331.5080378456592,311.78531528815415,0.14588222399530937
2021-07-09,37,19,6,36,49,11,4,106.7324064249444,94.82812917883443,85.91702579036075,134.01385965246152,136.68292591580013,331.3476871068548,311.5984400143248,0.010867686792234932
2021-07-13,22,11,6,8,5,3,4,110.54785100446983,145.08042272513688,91.37820301017024,138.84329751080583,139.1724632706818,331.0920929482993,311.3372706530624,0.09111262916253998
2021-07-16,47,5,16,42,49,3,11,113.40975862572866,185.08031538079263,96.16128821418239,142.45996852782966,141.04228625727467,330.8703732039472,311.13358022706035,0.3453958246643317
2021-07-20,19,48,3,41,12,6,9,117.2259512839877,241.4325957398871,103.35174497351869,147.27398111072847,143.5387520476546,330.5371117012074,310.8534033028917,0.7827199061180392
2021-07-23,34,50,26,23,24,4,2,120.08870685164013,285.1275609508871,109.23751110632746,150.87780335271333,145.41364383725914,330.2607643108771,310.63806753349,0.9825883662851773
2021-07-27,19,21,25,5,9,12,10,123.90776730881565,341.2375353022016,117.49972684163193,155.6737297083972,147.91726940477974,329.85991014154314,310.34577915141614,0.8961160162219299
2021-07-30,23,10,35,33,37,5,10,126.77450342398738,19.515214923840908,123.82082941881367,159.26383817584033,149.79819581202293,329.5370449622822,310.12389194003663,0.6479106286925903
2021-08-03,46,23,45,21,17,7,11,130.60091186566342,67.19414352815797,132.1764405591632,164.0414725932857,152.3108226568566,329.08038208163185,309.8263468184843,0.276819101184302
2021-08-06,32,21,7,26,14,12,4,133.47401060385923,103.28202523124216,138.27704878461066,167.61756402961632,154.19900521491684,328.72094472347044,309.6032545142693,0.06834880032566837
2021-08-10,47,9,48,49,37,2,7,137.3091491777243,154.74580266810963,146.10096364952375,172.37548875063368,156.7216003732347,328.2235077848113,309.30791269536786,0.025415784063763935
2021-08-13,49,44,47,12,6,8,12,140.18851107631207,195.74797182263913,151.71222219718052,175.93555614277906,158.6172398398738,327.8400569248594,309.0893926753359,0.2198461218303478
2021-08-17,47,12,41,42,31,6,4,144.0313173078148,251.9782315510226,158.84596326690956,180.66973657162754,161.14951142249078,327.31997750712924,308.80401950330423,0.656306499516355
2021-08-20,3,19,9,20,23,11,9,146.91630702944295,294.5265642892579,163.94045464514988,184.21001341922477,163.0522837826964,326.9267104246936,308.5957508330961,0.92188969354839
2021-08-24,21,36,44,19,50,3,10,150.7677583578357,349.4099851924632,170.40233168196627,188.9157038584061,165.5944117586591,326.4028876579373,308.3274497552035,0.9722716483580995
2021-08-27,31,46,3,50,2,12,8,153.6607768077455,27.4422151251639,175.00538256958228,192.4336780129221,167.50519459835027,326.0136417665072,308.13437870315545,0.7952536934918732
2021-08-31,17,5,32,13,43,2,10,157.52495385418732,75.10250501764186,180.81720653782483,197.10887012909012,170.05895962868303,325.50425102628776,307.88944278173125,0.4352385901401331
2021-09-03,5,13,29,35,7,3,7,160.42851438264947,111.3491576650894,184.9231396311977,200.60325985912792,171.97903468002897,325.13269874811283,307.7162028978497,0.17411495714624248
2021-09-07,42,7,19,35,43,7,9,164.30718260805358,163.84081606937872,190.03148111809418,205.24545108320086,174.5455960341532,324.65607653526746,307.50072502658935,0.0018862159548898583
2021-09-10,6,7,28,18,1,2,8,167.22131705661863,206.08744393824875,193.55339535605538,208.71328102415958,176.47530769944734,324.3158815897188,307.35175784774543,0.11196036789826647
2021-09-14,12,38,45,18,35,2,8,171.11303881871453,262.9327340212044,197.75572414011563,213.31637555537978,179.05445210438657,323.88966805780416,307.1713136422572,0.5183359079375173
2021-09-17,10,7,5,8,34,9,1,174.0363474007089,304.6323670806873,200.45436240381432,216.75141702512937,180.99342602371885,323.59313555488507,307.05036232935566,0.8257835463271787
2021-09-21,20,25,26,30,38,8,2,177.94067440407147,357.97874086191666,203.2725352376525,221.30610713601862,183.5851551062888,323.23181634411014,306.90916535395735,0.9984323652296315
2021-09-24,27,12,20,2,41,10,12,180.8745160307347,35.47347717751089,204.6356720232113,224.70178892006984,185.5341029503405,322.9882870166858,306.81885799598206,0.9115183236880222
2021-09-28,12,7,6,33,39,7,1,184.7945919858745,82.99941796291664,205.1449183908892,229.2003444660227,188.14002363468364,322.7027460245378,306.7199702574883,0.6033726431285574
2021-10-01,1,19,15,48,26,6,12,187.74119829989007,119.23723503345394,204.3272658113861,232.55098140586145,190.10018296215785,322.51953335833053,306.66240681242675,0.3191499653497948
2021-10-05,45,14,36,13,11,7,9,191.6788111381582,172.22543082947615,201.48650381944074,236.98470917741426,192.72151713426354,322.3185445426416,306.6083949841568,0.030640376333363528
2021-10-08,10,42,23,46,1,3,5,194.63827880790933,215.59490425713776,198.2770955417558,240.28215026470633,194.6933095350442,322.2014578764285,306.58528365355596,0.03318412910111068
2021-10-12,13,45,22,6,49,10,11,198.59166154039363,273.6940979384915,193.6704524121688,244.63651288869667,197.3298502211611,322.09150117298975,306.577994766959,0.3730833049492925
2021-10-15,49,21,26,34,31,5,2,201.56180531067523,315.0847452338519,191.04926195130687,247.86632259994227,199.31277917432666,322.0441312986169,306.59024723326394,0.7010566846986019
2021-10-19,40,4,36,41,20,1,6,205.52887908133994,7.023815992460378,189.84391506980492,252.118036634098,201.96423603453655,322.027971294389,306.63015481125063,0.9730443977497352
2021-10-22,33,12,17,39,22,2,12,208.50975885496325,43.82674318186526,190.83396953693085,255.2611151204537,203.95877247932586,322.05105348096663,306.677681813329,0.9821042449494615
2021-10-26,12,44,42,15,20,2,1,212.4923077278187,91.17531378452507,194.23397694564764,259.38354787164417,206.62649209381956,322.12856315230243,306.76436865049004,0.7602526184424208
2021-10-29,28,10,32,15,49,9,3,215.48552733825076,127.33702829911024,197.87599535572136,262.41839151052375,208.6337554612612,322.22152368098597,306.84674916158446,0.48565554718802717
2021-11-02,29,43,2,3,17,4,1,219.48498839794365,180.17894724726466,203.5850694233663,266.3791407072377,211.31891923537364,322.3914724501599,306.9795212879358,0.11523408748334413
2021-11-05,41,25,2,12,30,11,8,222.49061745432397,224.0942665645899,208.21787553652018,269.2773839928178,213.33935442997307,322.55304909728363,307.0961019083798,0.00035842591997464757
2021-11-09,33,25,36,26,17,8,1,226.50504213252063,283.6504913320069,214.60147222968044,273.03029078560417,216.04172332081228,322.8131411526153,307.2737847128869,0.2293408975703073
2021-11-12,50,15,9,47,2,9,6,229.52027167581505,325.32860050823274,219.4440100297549,275.74873566584466,218.07467569382302,323.0408899026883,307.423321014021,0.5527182017786365
2021-11-16,9,32,36,19,21,4,3,233.54599214249637,16.350870820473933,225.89775196052162,279.2235377008669,220.79358326199088,323.3866889279858,307.64370453145614,0.8983963745987038
2021-11-19,50,26,47,22,38,6,2,236.56946429210035,52.51066867492737,230.71269911479672,281.70101962783144,222.83921280468675,323.6766310329289,307.82426382249866,0.9987366170738581
2021-11-23,21,17,42,36,46,10,7,240.60667016341756,99.78160290444552,237.088303447717,284.805978597486,225.57567340788214,324.1025878707616,308.08468733798077,0.8869675086046166
2021-11-26,50,20,41,42,1,3,7,243.63918118146236,136.0070998239359,241.83849935904556,286.9650040080752,227.63493601687722,324.4506368095337,308.2942970390872,0.6518272074729367
2021-11-30,43,19,33,26,20,4,1,247.68875482438622,188.36084855343157,248.13946931213374,289.5823727649856,230.3900248144096,324.9514642334559,308.5921428378551,0.2461396060903009
2021-12-03,46,21,32,22,29,9,10,250.73031520246974,232.00557023910665,252.8491428752587,291.32185616288206,232.46334951482194,325.35374497187803,308.82880968479486,0.026519678601534424
2021-12-07,22,31,46,47,38,7,11,254.79039577844677,292.48451517913537,259.1199090184912,293.29573498931387,235.23677831838643,325.9242022808488,309.1612520093946,0.105195317666189
2021-12-10,11,21,42,38,33,8,2,257.8379546776749,334.83211665019076,263.823965278417,294.4799525300911,237.32334678011446,326.376462494591,309.42260121794715,0.38972627360653544
2021-12-14,37,19,47,21,48,3,6,261.90373667565757,25.581552961636994,270.104981549463,295.6058857924021,240.11402840437668,327.0102468705665,309.78608961816843,0.7787403104835947
2021-12-17,30,1,35,2,15,2,7,264.9546793772401,61.314690708874195,274.8233126937828,296.07223562760873,242.2136293260885,327.50749438561604,310.0693141059775,0.9584780698016638
2021-12-21,34,38,17,12,21,2,3,269.02481674938053,108.71099904848191,281.11386410043065,296.14264081608167,245.02217360955336,328.1981214695795,310.4601727115129,0.9695269965529776
2021-12-24,41,2,34,26,28,10,5,272.07916919759066,145.31660792484618,285.81023260501854,295.7620960040783,247.13556507632754,328.73580468527956,310.76262707667905,0.7983625165048229
2021-12-28,4,29,15,17,6,9,12,276.15407612047767,197.40540308543453,291.9771047030623,294.67948619619034,249.96290263957346,329.477608086214,311.1774354381861,0.4029440905319408
2021-12-31,25,7,43,22,49,7,6,279.21191188847763,240.22921123335655,296.44565012007627,293.46801761309206,252.09046924311244,330.051715851,311.4965850577575,0.11043519589427014
2022-01-04,28,41,18,35,36,6,11,283.29021613023247,300.48571727682975,301.9711843853611,291.41931927889203,254.93624476996405,330.83944401763125,311.93186836861656,0.024052399973600702
2022-01-07,14,2,50,37,44,7,11,286.3487820097331,343.37979803137426,305.5367069098428,289.6619214896467,257.0770047105709,331.4458497708905,312.26491294218556,0.23036758868069873
2022-01-11,33,23,44,32,4,12,9,290.42537399229417,34.34935325866801,308.952190610223,287.2208691289995,259.9396839454828,332.2735628313724,312.7166546178738,0.6226580708939049
2022-01-14,25,6,46,17,31,12,9,293.48128898033116,69.93133228529747,310.0164937517834,285.46450290050126,262.09299419164955,332.90767284863415,313.0605136619828,0.863308127931208
2022-01-18,12,30,24,3,19,5,2,297.5536778220361,117.63759453066633,308.83934100740953,283.4234672759992,264.9726782233003,333.7695166595803,313.52475148716184,0.9986340275952968
2022-01-21,5,35,39,14,36,12,7,300.60640643443105,154.95582404606597,306.0693999115169,282.22569228685904,267.13903651843157,334.42729143820253,313.8766083723081,0.9112313809811124
2022-01-25,16,6,47,18,39,2,4,304.674836314699,207.453192597367,301.08581390062966,281.1715317613909,270.0364533078356,335.3183160417223,314.3497397881404,0.563666129458906
2022-01-28,34,10,25,29,45,10,9,307.72476680303095,249.51868101034034,297.6440789644329,280.81587829808336,272.2161580647399,335.9962929706247,314.7069477708582,0.23566139397120278
2022-02-01,49,36,1,19,38,9,6,311.78881186433006,308.4938858239114,294.7515431380923,280.9158519476113,275.1308295147177,336.91197520391205,315.18536936132676,0.0024317983563512113
2022-02-04,49,38,3,25,43,7,3,314.834030137148,351.27923944086064,294.0786639883427,281.3970538355293,277.32270134314683,337.60658362096353,315.5450557318111,0.1001936080304312
2022-02-08,43,34,20,6,37,7,10,318.88922893776993,42.52535303856642,294.9212684510485,282.5307983690433,280.252587124979,338.5417668607432,316.02471043321486,0.44703983286529375
2022-02-11,45,13,42,18,38,7,11,321.92627214904803,78.15851170027429,296.57571287112216,283.71368868585984,282.4554651436365,339.2490219931642,316.38380725240245,0.7222238411080133
2022-02-15,33,20,31,9,44,12,2,325.9696090460131,126.22305196703132,299.78004998793017,285.68143857874855,285.3999855660004,340.19864454937465,316.86078560064,0.9694845643866038
2022-02-18,25,41,50,43,38,6,10,328.99765046438273,164.4084743351932,302.74698013212776,287.4162054047297,287.6139735905689,340.9150720945134,317.2165338376442,0.9802465404608693
2022-02-22,26,32,14,5,9,7,3,333.0294854840937,218.06587692580115,307.266154344803,290.02898347749993,290.573513859099,341.8749089890148,317.68733166738133,0.7122369359815386
2022-02-25,24,10,30,42,13,1,5,336.0494543730617,259.93854959965194,310.9922458868594,292.18517765708043,292.7987388623747,342.5975643154152,318.0371652663549,0.38048296249897195
2022-03-01,26,24,42,39,8,5,3,340.0706651146885,317.29958327284726,316.3268212230167,295.2847137466522,295.77258086006645,343.56372619981954,318.49828078613615,0.04034287843361345
2022-03-04,40,20,43,6,42,10,12,343.0818696805477,359.2021592516826,320.56708803322715,297.75529434323903,298.00757363211704,344.2894771231931,318.8394081953747,0.021263148195336312
2022-03-08,18,12,31,25,21,9,2,347.0893844561106,50.320683849183304,326.5094571897533,301.216287548717,300.99304230664114,345.2573757129964,319.28693035295225,0.27665167895981124
2022-03-11,23,22,12,19,48,6,2,350.08890856299496,86.04817362182344,331.17274660604136,303.92177977759354,303.23599991880985,345.9826512947261,319.6164261136509,0.5532166841217675
2022-03-15,2,26,19,12,1,8,2,354.07982771595385,134.3563713015382,337.6625068851007,307.65675021602175,306.23160039538806,346.9477236877076,320.04666007079413,0.8839738335896477
2022-03-18,43,1,9,14,17,12,6,357.06678548029606,173.27545031936154,342.737135562307,310.54304440791475,308.48202746587907,347.66937456255204,320.3619380756162,0.9974832737120114
2022-03-22,7,29,17,40,21,8,11,1.0416755545372849,228.5399104983943,349.7893133311664,314.49149226626264,311.4875643834889,348.6277844593251,320.7716298358103,0.8386318848526051
2022-03-25,10,29,24,6,27,12,5,4.017570882672396,270.9324241661135,355.30001398218553,317.5196771690062,313.7452867234908,349.3431255281757,321.0703188422126,0.5283681522737058
2022-03-29,43,33,11,8,42,11,6,7.97870749085697,327.0854458070839,2.946959378700446,321.63501256602666,316.75965637950225,350.2912570500332,321.45621918148345,0.12409266414223585
2022-04-01,21,45,31,2,7,10,4,10.944211095405848,7.6963587537741756,8.897401151176444,324.77266907270734,319.02279872548917,350.99730148243174,321.7357225096804,0.0017822910833942274
2022-04-05,13,1,24,11,49,5,6,14.890259298363597,58.14669674168177,17.068617268804733,329.0154930437741,322.04252757880863,351.93071225436864,322.0942281729656,0.13669231186547337
2022-04-08,16,38,1,45,15,4,11,17.843373930727047,93.87841647992607,23.300490420065685,332.237186958976,324.3085144689781,352.62397376080213,322.35189831632744,0.3806398797978552
2022-04-12,30,47,35,31,21,10,2,21.772005286893165,142.24258412205845,31.5583684216994,336.57979327744545,327.3309722958026,353.5381563377289,322.6797316009542,0.7534928368769067
2022-04-15,32,48,6,24,30,6,5,24.711932852212534,181.5296698721639,37.53364801288116,339.8688593938818,329.5985018027262,354.2154738872293,322.9133239503897,0.959111207084536
2022-04-19,28,46,2,17,12,10,6,28.62380450858065,238.31568085857973,44.920208704868266,344.29334431154126,332.62264907028384,355.1065266323339,323.2077312672554,0.9343809039084423
2022-04-22,11,6,35,36,21,9,1,31.552416132933352,281.76000870733407,49.85215495161654,347.6386454436451,334.89111538003107,355.7651342034736,323.4152788335993,0.6701619309507246
2022-04-26,25,4,28,34,45,11,8,35.45096063540551,337.4580092819834,55.43673975993587,352.1311917194183,337.91537268503583,356.62925648204885,323.67357395741175,0.23746442120695804
2022-04-29,37,36,10,20,11,7,3,38.37019329042776,16.853742548002074,58.80264016882051,355.52198596698753,340.18243750948614,357.265955372822,323.8529344628198,0.036018386393792734
2022-05-03,26,48,47,8,20,8,3,42.25580344026454,66.3335296464556,62.11684071524137,0.06795348375666034,343.2024331049611,358.09835464218213,324.072214576766,0.043708775631958685
2022-05-06,3,24,8,18,40,11,3,45.16466354629729,101.9669195623597,63.6871536287432,3.4941528790704672,345.4646690912403,358.70937020216365,324.2213556375696,0.22771284891831273
2022-05-10,28,3,29,25,27,4,9,49.0357622072539,150.27127926705273,64.54558558275127,8.082507778728397,348.4765203296075,359.50511470761927,324.39927071318294,0.5978253854574516
2022-05-13,11,45,17,48,3,8,4,51.93360122185654,189.52841571493067,64.30127435377126,11.537755410229309,350.73169537273867,0.08692754995574496,324.5167163707569,0.8695813107128325
2022-05-17,49,28,30,5,48,5,11,55.79073784372337,247.2421210241982,62.969034442870026,16.16241266622573,353.73332709117784,0.8416016549337489,324.6516398224327,0.9897127229209319
2022-05-20,32,23,8,22,50,3,9,58.67944879630783,291.87452788325993,61.441051526476684,19.643652851134906,355.9803095265458,1.3910404788338948,324.7363411207209,0.7990811061644434
2022-05-24,27,13,10,36,37,10,2,62.526711851644514,347.8239672182483,59.160034676670655,24.301216057663723,358.96965987009133,2.100241365374964,324.8268979372783,0.36960301698548204
2022-05-27,15,34,28,48,23,3,5,65.4092236337405,26.386415980972437,57.60954483998996,27.805242093211508,1.2056818095472552,2.6135908616574643,324.87778032398535,0.11283297734270703
2022-05-31,42,13,10,49,3,3,9,69.24851957049295,74.95151172185781,56.183821984221126,32.490112466925424,4.177480977784559,3.2717875965614205,324.92266259803864,0.0027652628739281426
2022-06-03,29,12,48,28,34,9,11,72.12475352972318,110.48024133493091,55.78736618876699,36.012500044292004,6.39822660931034,3.744725067611476,324.939039803067,0.10981513395222958
2022-06-07,17,6,31,25,16,2,6,75.95521473242644,158.7849325955612,56.28408577053187,40.71971826894321,9.347273986575695,4.3462872843612805,324.93787709921276,0.43871355380835936
2022-06-10,37,26,40,17,36,9,12,78.82466137402719,197.7926589783953,57.43573917599323,44.25777163609768,11.549503791261088,4.774792609830932,324.9198812976993,0.74298877868422
2022-06-14,7,40,2,27,34,3,11,82.64656680793414,255.6154145814459,59.965007855478284,48.98531265817546,14.472517154658266,5.314681657942666,324.87334567204834,0.9961074530612615
2022-06-17,21,22,38,19,31,7,11,85.51080959342843,301.10264547465437,62.562482267928715,52.538791133245454,16.65443421848611,5.695156692140912,324.8217566622022,0.9052200692599615
2022-06-21,23,36,39,6,47,10,8,89.3282931732229,357.6941472199127,66.89776110748505,57.287337596054364,19.548761317771167,6.168433513106503,324.7310400089964,0.5143119417940039
2022-06-24,50,44,17,10,28,12,8,92.19085620269749,35.88054605796101,70.77004679923525,60.856423345740865,21.70713076283206,6.49677904430729,324.6468238314357,0.22324839976152067
2022-06-28,35,10,47,42,48,11,2,96.00702034464155,83.83173698091542,76.7246141736079,65.62476394203708,24.56648270679399,6.897490352742653,324.5135409073687,0.011894130298475913
2022-07-01,46,6,34,24,18,12,3,98.86860016355674,119.362223689063,81.75996624597396,69.20777561345032,26.69590675857298,7.169206383496305,324.3983614330184,0.0338041699977204
2022-07-05,7,25,48,45,10,3,6,102.68314293513185,167.91415753668235,89.17317028151149,73.99370243703184,29.513412182214243,7.4917401894448155,324.2254456682324,0.29268071883383373
2022-07-08,28,46,43,35,31,7,4,105.54329509789213,206.7312865380022,95.17944302156947,77.58942091519081,31.609327505190063,7.703032139380836,324.0820047388024,0.5982276596367047
2022-07-12,50,18,25,24,14,11,6,109.35610158260327,264.0079501743392,103.59446925213976,82.3922266757013,34.37996529384593,7.942959339188235,323.8736297920872,0.9520589482859679
2022-07-15,38,17,29,9,39,10,7,112.21585866051734,309.6619127887566,110.04473237319752,86.00111156967749,36.4394219220253,8.09092706522847,323.70535858788946,0.9752640621916185
2022-07-19,41,6,27,40,23,2,12,116.03052950194572,6.820459809286679,118.59009271786299,90.82260276484288,39.15924757873187,8.244558288855304,323.46626128575997,0.6640377525874648
2022-07-22,32,29,50,18,16,11,4,118.89353762627654,44.991385881189856,124.83226089928161,94.4460763716621,41.177998321967614,8.326308054425793,323.2768020733639,0.361171177829109
2022-07-26,3,5,17,27,25,9,1,122.71394879206356,92.69206043997005,132.8229749763932,99.28692048457101,43.83885339713901,8.389782193705047,323.012201648102,0.06797697601552072
2022-07-29,38,48,43,23,3,8,3,125.58152506435411,128.37727690795887,138.53332976501926,102.9244339696337,45.809602561248575,8.402850773098253,322.8059226013218,0.002504201619364488
2022-08-02,28,48,18,40,7,11,8,129.40779484735705,177.53385924617803,145.7568609648301,107.78323124603132,48.40160552611913,8.373995851513511,322.52227995308493,0.16896267326731446
2022-08-05,29,3,44,33,35,10,8,132.27945206755027,216.4735854903756,150.88387247717984,111.43367656703103,50.31731824508578,8.317744492402745,322.304412523554,0.45136738194929155
2022-08-09,47,18,21,19,27,11,5,136.11093627300488,272.98524831257527,157.3385412986387,116.3092868146106,52.832001600076524,8.197118088541888,322.0090412726656,0.8655151068198428
2022-08-12,14,42,35,17,34,10,6,138.98698542977198,318.0486702880691,161.8950391113748,119.97245672221523,54.68712601669261,8.072949470160706,321.78515476413946,0.9980643245471923
2022-08-16,10,25,14,39,32,7,8,142.82627852485297,15.237593988447573,167.58431852928874,124.86578576262505,57.117072902545516,7.863320815663971,321.4853394043223,0.8049237329039179
2022-08-19,9,2,19,38,13,2,6,145.7099991555295,53.54693985308115,171.54809924147798,128.54277027875955,58.90453536678531,7.673762854953645,321.2607756898532,0.5186688735074045
2022-08-23,48,39,26,19,31,2,3,149.56120907599922,101.2723891775445,176.390388816716,133.4545227374587,61.237013495727105,7.379389576759016,320.96371558714014,0.16848133962596262
2022-08-26,22,23,44,25,38,12,11,152.45433221039582,137.21379396054036,179.64725124760636,137.14482839412392,62.945296012714174,7.12878456955955,320.74407274382406,0.019146597423808587
2022-08-30,6,10,4,15,19,1,4,156.31787948474482,187.30312323557322,183.39510084089693,142.0732776000825,65.16384422497948,6.757489240698898,320.45745694777384,0.07337737652328064
2022-09-02,7,45,12,20,13,3,12,159.21978829568883,226.83318492936883,185.66734164207003,145.77518519053996,66.78044589859596,6.453306595579995,320.2485426301172,0.3119601762826566
2022-09-06,10,44,7,29,22,4,5,163.09434946875308,282.8548756409154,187.79316791556693,150.7179320971328,68.86882270163349,6.017078169701629,319.9799513735208,0.7495481577745479
2022-09-09,26,17,23,24,27,4,9,166.004483676885,326.8174970801317,188.54936577518683,154.4300129823844,70.38207796916689,5.6695721911045025,319.78715094991514,0.970635534243917
2022-09-13,40,9,12,15,47,1,11,169.89127997065125,23.245476862205795,188.18548644690262,159.38628147026506,72.32422696131214,5.183115254819876,319.54316566328754,0.9178742668272002
2022-09-16,49,10,45,36,27,3,4,172.81211465553974,61.59927808642328,186.7590126770895,163.10867297261169,73.71993130007425,4.8037917310535345,319.3710052674621,0.6811571446102367
2022-09-20,21,11,32,48,23,12,3,176.71487445857267,109.45306234397398,183.41217211456805,168.07856347500044,75.49223801215697,4.283282239874534,319.15737796225824,0.3081876037548661
2022-09-23,22,35,48,15,14,8,3,179.64825881380386,145.62373979938135,180.23468652102238,171.81065627708682,76.74950311923386,3.885229427139849,319.0100807512951,0.08731289065112402
2022-09-27,34,4,44,20,21,3,1,183.56757213186535,196.7639820988312,176.26817408152854,176.79231021203074,78.32151241963123,3.349550866844816,318.8322698087416,0.01395719898406661
2022-09-30,2,16,11,1,26,3,12,186.51273368046202,237.35403697007774,174.37839315216365,180.53212214713,79.41649559568677,2.947835874595101,318.71368740928267,0.18597968491317185
2022-10-04,3,28,18,43,42,12,3,190.44650978753668,293.54108733407753,174.11738222758882,185.52248137632512,80.75626489844653,2.4177913964227717,318.5763144591202,0.6155171926880367
2022-10-07,50,27,45,26,42,12,1,193.4018909575597,336.3238635203834,175.68286762302952,189.26786772495473,81.66535999661933,2.0280320050874687,318.48938505550456,0.898370758877477
2022-10-11,40,35,8,32,23,8,1,197.34969804012184,31.301916012198646,179.69862010238123,194.26512765475192,82.74064535225799,1.5236084412109876,318.39557029153434,0.9853173206621972
2022-10-14,28,48,29,24,34,7,3,200.3166321767446,69.41760119250904,183.73352278821133,198.01569500086927,83.43711532448724,1.1598847211858188,318.34214847502955,0.8275930650054957
2022-10-18,42,3,5,48,13,6,1,204.2812591236898,117.3358215000238,189.90747460273005,203.0199018301264,84.20717649322009,0.6988746596732596,318.29401161673906,0.4745442568869493
2022-10-21,26,28,38,25,40,1,6,207.26136720236144,153.58168229473492,194.84867171747317,206.77546657589804,84.65751764845547,0.3740549788107797,318.27553041515176,0.20589176286739735
2022-10-25,24,7,46,34,39,6,1,211.24339454758115,205.5275552926609,201.58776005974,211.7856408516309,85.07677984260704,359.97302195362994,318.2747328634949,0.0027265298405145244
2022-10-28,28,35,21,16,14,11,1,214.23579143982693,247.4320942031632,206.65423751663647,215.5448760921208,85.24848541124572,359.6989114562293,318.292168759804,0.08218595596565026
2022-11-01,42,48,19,37,47,6,1,218.23245036678253,304.5926750239574,213.35043530349162,220.55855020171794,85.27970960399696,359.37234942596945,318.3394991891231,0.47054862140920944
2022-11-04,11,2,37,47,45,2,3,221.23457294179036,346.5448373851591,218.30661436766962,224.31944401741114,85.15169231754177,359.15846284804996,318.39294775019135,0.7899241578173328
2022-11-08,50,32,33,5,3,1,8,225.2436434866721,39.80926399007317,224.81938127319123,229.3347051961413,84.77662031298313,358.9167285723457,318.4878610079931,0.9977647678888608
2022-11-11,25,2,19,44,24,2,10,228.25549283578107,77.37811806496639,229.63609941554373,233.0968306659953,84.34197367861974,358.76912864620436,318.5765672338669,0.9364419414621519
2022-11-15,31,21,13,24,33,1,12,232.2784657342874,125.22183887892112,235.97944738108,238.11409374250562,83.56196560239475,358.61862832755753,318.71788260671264,0.646852611912677
2022-11-18,41,13,35,19,16,11,1,235.3011637204322,161.37220861621395,240.68711632431481,241.87790901182544,82.8332727550998,358.5412363593884,318.8409086865292,0.3633821926874916
2022-11-22,24,29,42,21,22,3,11,239.3384512059146,213.5499509095167,246.91073713184338,246.89738609715266,81.68706539290825,358.48621158740207,319.0272570769756,0.05022885570625202
2022-11-25,21,19,39,35,37,2,6,242.37111270528737,256.5726364221766,251.54568412070586,250.66252473134068,80.71366653773596,358.48145473328435,319.18341908830865,0.015735102742647056
2022-11-29,20,38,35,15,24,12,8,246.41961186540237,315.3173819971558,257.6872981923699,255.68275202106602,79.29771245173237,358.523951979476,319.412870984918,0.32142249993566196
2022-12-02,39,12,35,21,45,11,6,249.45890707527283,357.0624772077582,262.2629826604031,259.4475173369519,78.17417382542943,358.59221008607153,319.6003584176394,0.6530229100141032
2022-12-06,20,25,27,26,12,8,12,253.51476756569403,48.88593781154518,268.30770448275183,264.4663998275008,76.63605379361596,358.730967226321,319.87004275931537,0.954861236448872
2022-12-09,8,46,31,27,50,3,1,256.5593812513067,85.75613559384222,272.77412774442354,268.23002466685114,75.48124803366312,358.8701989514448,320.0865335739304,0.9926472570273608
2022-12-13,30,3,12,26,9,10,11,260.6227427502933,133.43954662268308,278.5673338937829,273.24766608731045,73.98135309858559,359.1017289648671,320.3933849935875,0.8012791623056588
2022-12-16,2,15,44,35,19,7,2,263.67323300725417,169.46238344662416,282.7010400290987,277.0105978799387,72.91311695946187,359.30907830449945,320.63664538597016,0.5378643792470625
2022-12-20,1,20,11,17,27,4,5,267.7443378608695,221.30891681249886,287.7021758397543,282.0274713750306,71.59999046898878,359.62938629607186,320.97770220717297,0.15570740457602056
2022-12-23,16,17,26,23,35,5,11,270.80001188005315,264.76882087102587,290.81328674930285,285.78967710729023,70.71969611992752,359.90170624198925,321.24545775612006,0.0036541447912151748
2022-12-27,33,31,19,34,43,5,3,274.875995450773,325.0745094933381,293.53547029190037,290.8046642392954,69.71059837586783,0.30622351807714876,321.6174745781207,0.18095847381519536
2022-12-30,48,42,17,34,47,1,9,277.9332863648572,7.234961068172656,294.0095948576884,294.56432067208704,69.08924547741067,0.6395571773858553,321.90703385325503,0.4956937598848719
2023-01-03,20,29,21,46,45,10,3,282.0092370922174,58.28405539852096,291.9880340266745,299.5744059927344,68.45065291232417,1.1221129087637443,322.30612399490747,0.8621071877087462
2023-01-06,44,16,35,45,31,12,4,285.065783337653,94.54535563249567,288.6687282530812,303.3296753361063,68.11578182982409,1.5113942991083447,322.61452519354657,0.9903824661365258
2023-01-10,42,11,34,13,40,10,3,289.140741305761,142.11239266841454,283.39480604068,308.3335275153041,67.859365205312,2.065244588157523,323.0369012399986,0.9179473193414915
2023-01-13,13,4,33,25,37,10,5,292.19670085908166,178.1799912523858,280.17839090867557,312.08397339225564,67.80616174095938,2.5056507343673373,323.3614389774623,0.7042065597908818
2023-01-17,18,46,30,50,21,2,6,296.2709618368364,229.5685715823561,277.9953852009643,317.08120384497795,67.91370533895856,3.1246940539708787,323.80358462584894,0.3024802024421114
2023-01-20,40,6,13,42,3,7,11,299.3260963791684,272.6851079461313,277.96319183687075,320.8264046333547,68.12282520171142,3.6118412052789783,324.14162200565596,0.053467775178451304
2023-01-24,11,27,47,41,43,7,11,303.3976870298425,333.68670234377646,279.6171713704095,325.8156100062556,68.56428772926948,4.290279002718913,324.59987811320786,0.0697972354133442
2023-01-27,15,19,31,8,9,12,10,306.44888643384957,16.52816352677562,281.7965500771182,329.55340330341585,69.01051872199386,4.81959209401579,324.94846965183496,0.33123639226491597
2023-01-31,7,12,33,43,19,3,7,310.51273733442116,67.53812652765413,285.57440319585606,334.5304828362005,69.74749094838438,5.550832720314263,325.4186991257661,0.7283761397431932
2023-02-03,14,32,45,2,17,10,3,313.55708439377196,103.46117922767395,288.88335018799415,338.2577578680014,70.3985686678062,6.117207135295212,325.7747606471672,0.9314286075455156
2023-02-07,8,47,34,44,2,9,3,317.61156914031676,151.06040524287255,293.7571429918329,343.21955387382707,71.38651813893661,6.8947324489087825,326.2530761834001,0.9846692820225352
2023-02-10,3,13,36,25,47,3,8,320.6490851782455,187.4719866009799,297.6840293366747,346.9346988695835,72.21033835822422,7.493657998812936,326.61385714024425,0.8424914339687865
2023-02-14,43,24,46,26,38,2,3,324.6948797013531,238.82454857382348,303.21356903864864,351.8796560405771,73.41003386153808,8.31191753050723,327.09670901286296,0.4649080648390483
2023-02-17,42,27,45,23,8,1,9,327.7260348683309,281.248914996689,307.55329124551776,355.58172538289756,74.38034101075526,8.939500294424725,327.4595629025978,0.15551092130251387
2023-02-21,49,41,22,34,21,2,7,331.7625727287402,341.6696141438726,313.5742118331596,0.5082308711670966,75.76109077847484,9.793432039223841,327.94329800281866,0.008978621476497861
2023-02-24,42,34,7,23,48,1,3,334.78532000426,24.86633071760364,318.2597206833667,4.1950476581979705,76.85715355509751,10.445719593609146,328.3053063237598,0.1807232595052608
2023-02-28,29,33,12,37,47,10,5,338.8083097630366,76.26411950389121,324.73396446315684,9.0985636649086,78.3919550251816,11.329671688878335,328.7858697063036,0.5666915570454516
2023-03-03,24,3,8,50,6,10,11,341.8197424976939,112.14439298412496,329.76483562249706,12.766163193594544,79.59324405191144,12.002328870220179,329.14404315850203,0.8229856139563281
2023-03-07,50,24,35,13,11,6,11,345.8273266324584,159.9264494380301,336.7172948231159,17.641980237401963,81.25550811624619,12.910836951870662,329.61769985190296,0.9961192199808955
2023-03-10,9,16,48,37,38,7,2,348.8275092274366,196.95596082193632,342.1227538818126,21.287612865388017,82.54384618596823,13.600138365883826,329.9694118566579,0.9408895854091744
2023-03-14,26,46,28,31,16,12,11,352.82093148689864,248.99246501712312,349.59050227462427,26.132957684351606,84.31247298612833,14.528681092463378,330.43278350424464,0.6207939585164366
2023-03-17,37,5,26,15,49,8,11,355.81116437423066,290.9568210829082,355.38024980483533,29.755069192893348,85.67451103862268,15.231482564607193,330.7755137811731,0.28808539430790614
2023-03-21,29,1,9,32,20,3,2,359.79147991402357,349.9054055775101,3.3107137372399786,34.568006586105334,87.53483574131816,16.175954618693762,331.22510934511934,0.008080632679566435
2023-03-24,36,25,5,46,12,10,6,2.771094352422449,32.71779558585609,9.35130470903296,38.16439887353239,88.96111677634431,16.889000247894057,331.55606938032054,0.06782199237164649
2023-03-28,21,16,34,36,44,9,10,6.7354296189635185,84.40737336183756,17.352389992150915,42.94002536953347,90.90067556245435,17.844676954949396,331.9880424440557,0.3957361006907536
2023-03-31,28,34,47,16,18,10,5,9.70199384337176,120.4099171926112,23.1311593578868,46.505809833480534,92.38128935071248,18.56431733149001,332.30442579766327,0.6773885762067472
2023-04-04,50,33,16,31,10,3,8,13.64858201374192,168.42026928547105,30.21155186643586,51.237296577698324,94.3868126750847,19.526594666089746,332.7153041741813,0.9519244168555401
2023-04-07,26,28,46,5,36,12,6,16.602219909189625,206.17918288190793,34.83131348393767,54.76774654097088,95.91261581757847,20.249698636322943,333.01469103578967,0.9928561558774276
2023-04-11,19,16,14,29,10,2,10,20.532773400756255,259.5644796851108,39.809709466543794,59.44955656101265,97.97370631331762,21.214792984392272,333.4013840670223,0.757700812446475
2023-04-14,44,4,37,49,11,7,6,23.47552679927783,301.6349165307283,42.53788748231874,62.94112270606971,99.53846660535612,21.938726472258427,333.6814709469385,0.4304223430896987
2023-04-18,37,21,17,35,23,11,10,27.39262053853454,358.9928113732029,44.737631845343536,67.56892145801288,101.64888732448657,22.90313393995255,334.04077342403076,0.060651261327964834
2023-04-21,18,8,7,42,33,8,2,30.32520407171419,40.76196326876135,45.29808162240621,71.0176961530962,103.24887893599353,23.625036894623754,334.29900261744626,0.008524832054921105
2023-04-25,29,45,40,10,30,12,1,34.227598465689965,92.25647810938067,44.69096798379486,75.58378632699308,105.40344043210347,24.58451685380513,334.62743470409134,0.2378724511955307
2023-04-28,34,23,11,13,16,1,10,37.14830788167323,128.35581587240245,43.39742650241702,78.98188187363623,107.03404272668685,25.301071503488707,334.86132298000405,0.512299780573447
2023-05-02,48,44,32,7,47,8,7,41.034518128098576,176.49915955161688,40.998128868823024,83.47389347679078,109.22606049017152,26.251389466931098,335.155891587727,0.8569183846810038
2023-05-05,34,8,49,18,3,3,7,43.94345417467004,214.8738933373181,39.08105712545946,86.81137343845722,110.8825097819948,26.959680144626404,335.3634122269647,0.9939882861919168
2023-05-09,21,28,13,17,46,9,7,47.815330857018665,269.94348183966304,36.92902055249588,91.21577442832888,113.10664190915163,27.89727937268724,335.62160064744967,0.8698811875371542
2023-05-12,9,44,13,39,10,6,4,50.71498949259901,312.70676197864145,35.90665727271062,94.4825834529606,114.78600767587864,28.59479897346717,335.8009108915967,0.5707181520025322
2023-05-16,14,6,9,4,37,4,11,54.576288169170304,8.945426520959408,35.56014573375311,98.78597704954883,117.03992099344961,29.516256866688533,336.02016481631665,0.15142287065897997
2023-05-19,41,27,34,49,18,3,9,57.468572176866836,49.43146722079812,36.10236437492875,101.97098567575178,118.74116225892428,30.200132680837882,336.16924835114133,0.005148146079076377
2023-05-23,34,5,14,6,23,11,2,61.319574356723734,100.22271899336872,37.84960756770144,106.15461362530853,121.02315230696742,31.101124168995646,336.34693352331203,0.11308850521134767
2023-05-26,38,25,15,37,41,1,7,64.20354758624215,136.27318388616627,39.86648293531229,109.23981481998831,122.74425105704131,31.767939063338172,336.4640436028319,0.3484469239798633
2023-05-30,27,47,33,29,32,8,2,68.043123454745,184.38264384000556,43.401171527227966,113.27461577016108,125.05093251663598,32.64403139350581,336.5982663151299,0.7227473893134025
2023-06-02,25,3,15,43,12,10,11,70.91877562259955,223.08181487964583,46.629882037764105,116.23489590759102,126.78931284361362,33.29066284184544,336.6822842958331,0.9428202514839948
2023-06-06,21,13,39,32,50,10,2,74.74852425758095,279.69727779372596,51.64387273424625,120.08343313821048,129.11779512881606,34.13796610283787,336.77185604916383,0.9516444604298459
2023-06-09,18,26,36,50,41,11,12,77.61840149569805,323.53716192457296,55.90936733146861,122.88819041490062,130.87207440940887,34.76161923573386,336.822017283898,0.7042117195303068
2023-06-13,15,16,21,50,41,5,6,81.44276152309678,19.362606049900926,62.24714634999375,126.50641224981887,133.22185357268617,35.57624131957526,336.8659289854125,0.26699281661083896
2023-06-16,34,7,41,26,44,9,11,84.3096696668601,58.7358390188644,67.47645995838022,129.11867804005126,134.992293602939,36.173609935566795,336.88148795783354,0.04993648635644082
2023-06-20,35,28,11,32,17,6,5,88.13018361193987,108.57983031399776,75.0519208278428,132.4477336933666,137.3634289903177,36.95057202483434,336.8790101534992,0.033381256679442584
2023-06-23,11,3,33,46,1,10,11,90.99385468772144,144.4512252585936,81.13609541982615,134.81362044896377,139.14936897699886,37.51772335812963,336.8598146171357,0.20472385921223574
2023-06-27,27,22,44,17,23,7,1,94.80971281435588,192.42193640890065,89.64424865952847,137.7670133270122,141.54023021523074,38.251874960516766,336.81136754420464,0.5671434851450824
2023-06-30,29,25,6,36,1,10,7,97.66996993778115,231.12371668929012,96.17955781807636,139.81019125675286,143.34026267566898,38.785117212779696,336.75815874037926,0.8445370011923208
2023-07-04,23,36,44,17,14,8,2,101.48221821973262,288.69629061616394,104.863322212074,142.27039054663373,145.7492171438671,39.47178277542972,336.66519163392513,0.9942098116753056
2023-07-07,2,12,19,11,38,8,4,104.34124876766046,333.6469707181811,111.21512549116976,143.89150141447558,147.5626923120263,39.967718679289476,336.57928910621,0.8259094933286211
2023-07-11,48,28,2,11,42,4,9,108.15441742031867,29.715606687305577,119.33543796133867,145.71289445260115,149.99007150501637,40.60215363502858,336.44370571172465,0.4002446800080752
2023-07-14,5,29,48,8,35,5,6,111.01559093585789,68.37955232045213,125.11801337924695,146.79278177660493,151.81788610697694,41.05678460039254,336.3266749546679,0.13343674495731533
2023-07-18,34,35,12,4,45,9,1,114.83219699917345,117.34637827947023,132.39356328038775,147.8013620513834,154.2646880687361,41.63306334504557,336.1510384483539,0.0023571318848407685
2023-07-21,7,35,33,36,31,10,7,117.69577398051179,153.019231925979,137.5221701050198,148.19977324309423,156.1069308304209,42.041783529859295,336.0053419549625,0.09421141876663408
2023-07-25,11,7,27,5,37,12,6,121.51521515232976,200.92047526728504,143.92443850328414,148.20822889546764,158.57249719362176,42.55394533662002,335.7936817363648,0.4092563267413273
2023-07-28,38,7,34,32,33,9,6,124.38079881680399,239.448634865351,148.39689153300563,147.80103117173604,160.42840515329925,42.91252339037449,335.6228166331274,0.7124477119781066
2023-08-01,35,27,25,45,40,7,11,128.20338190348699,297.161836484454,153.9066018033524,146.70241150855637,162.91176229086858,43.3552819660633,335.38027817542223,0.9889560023636512
2023-08-04,15,31,48,20,44,1,3,131.07246786220423,342.8377840195757,157.67833812813916,145.48742691729024,164.78100962882544,43.65995509200801,335.1883234092894,0.9250880265913173
2023-08-08,40,8,33,9,35,6,3,134.9021929088691,39.5422338819004,162.17651601284703,143.43653735517321,167.2827966863478,44.02818861909572,334.92045070057287,0.5468168372100456
2023-08-11,10,13,34,4,6,3,5,137.7783012134661,77.95609636540706,165.10020175396818,141.67211555447682,169.16654278828855,44.27476393556225,334.7116824660386,0.2494865737041596
2023-08-15,3,32,5,43,9,6,10,141.6183344626947,126.32336982711266,168.28977717300725,139.1989021527432,171.68824458541656,44.5624984150542,334.42462552437405,0.019514025319592843
2023-08-18,47,25,23,30,44,9,12,144.50212250889314,161.89411033599413,170.05069613184003,137.38913540441092,173.58700366588116,44.746582087149015,334.2041295708594,0.02439001581121386
2023-08-22,23,9,40,2,32,6,7,148.35192719134892,209.99603602623867,171.37483486473948,135.22504304657238,176.1285002360698,44.948557332965684,333.90522119078196,0.2643376358560908
2023-08-25,44,35,16,34,17,5,10,151.2426890322827,248.43394032782743,171.46447172291371,133.89392561155844,178.04184577171918,45.06678396084224,333.6787671272128,0.5639365174230011
2023-08-29,21,40,23,32,49,11,8,155.10168828331416,305.6025744424726,170.2257766704802,132.6148344439004,180.60246867180538,45.17935637559489,333.37584945762586,0.9338871340771616
2023-09-01,35,43,37,5,4,5,6,157.99998295933796,351.2773903917136,168.28760054344366,132.06652900244643,182.53016483556823,45.229576431897854,333.1492627887348,0.9863722313474529
2023-09-05,41,48,7,1,24,10,12,161.87106441748574,48.57147023023806,164.71566108556001,131.89768100450524,185.11054584117124,45.25029475663876,332.84984052892423,0.6981468138666426
2023-09-08,33,20,10,21,26,4,3,164.7800760040156,87.1044559274986,161.8367274053568,132.17917999561558,187.05377116264273,45.230751894206094,332.6286076296488,0.3935326808923137
2023-09-12,14,5,42,36,40,11,2,168.66661998188022,135.20855535826652,158.78922857060456,133.05770922885856,189.65558032595007,45.157619977809304,332.34008314783046,0.08430744068349771
2023-09-15,21,45,12,48,14,8,11,171.5872604300402,170.8214906769301,157.73561464407413,134.05956825548728,191.61507406291628,45.06756015755893,332.129912240508,0.0006859708936935438
2023-09-19,10,31,41,15,42,2,5,175.48868125230706,219.5195641973006,158.459858518675,135.80062411062178,194.23846942668015,44.90113143090099,331.859957878587,0.1425144366869977
2023-09-22,3,23,35,34,24,8,5,178.41983678008705,258.2152075157257,160.59174666550726,137.37657208145473,196.2139408429228,44.742281060191736,331.6664827977123,0.414063987850972
2023-09-26,14,6,23,2,19,5,7,182.33452945568456,314.6043030893921,165.186055604891,139.79361106161204,198.8583089549285,44.48664687689553,331.4222344400556,0.8364406283542467
2023-09-29,32,9,11,21,13,7,2,185.27565000228472,359.49162983710687,169.58215891053578,141.81697980753052,200.84944931174627,44.263312158635856,331.2503779389492,0.9970506824000893
2023-10-03,45,6,22,24,20,5,4,189.20493137461295,56.83051205567254,176.18902903481182,144.76182807909768,203.51520204611606,43.925422062257056,331.0377151635693,0.8372970335006438
2023-10-06,31,43,21,29,34,2,9,192.15838651120762,95.63400018941053,181.42514088188364,147.1348374466209,205.52303218719538,43.64349474094708,330.8914799493658,0.5567289566524217
2023-10-10,18,33,20,22,43,3,9,196.10531937381364,143.73548588727917,188.51292614043453,150.49014347153312,208.2117864306942,43.23239705419604,330.71548868751273,0.19578409323304008
2023-10-13,41,26,21,40,28,4,2,199.07209488731806,179.48481387535995,193.80389219640006,153.1333442242143,210.2371178478564,42.900016488692145,330.598576868702,0.02901559453213287
2023-10-17,40,20,10,35,17,4,3,203.03600256492027,229.1312242218008,200.74818459064792,156.80541582015292,212.94913585918965,42.42876251546865,330.46390305420124,0.05232606239292409
2023-10-20,20,40,28,2,45,5,1,206.01456090908331,268.5930830593899,205.85236446723155,159.6580178768257,214.99167887528262,42.05733270850986,330.37944318733173,0.2729588241415656
2023-10-24,18,16,8,31,34,6,9,209.99274728410217,324.5291996723403,212.51294181904527,163.57790512521325,217.72620880862667,41.542991197902765,330.2896191978978,0.7095078515916748
2023-10-27,29,48,33,49,35,8,3,212.98134641544127,8.15392025823826,217.40441248367569,166.59690805172846,219.78544557759298,41.146337218256754,330.2396863584716,0.9541873525414623
2023-10-31,20,40,5,50,7,10,2,216.9733026615798,64.6943182634661,223.8007597371715,170.71756242890987,222.54251310560534,40.6079359343538,330.196711165369,0.9421239918797657
2023-11-03,31,47,21,39,8,9,5,219.973155449205,103.62278945027546,228.5138609919326,173.87313360852335,224.61917122948225,40.200430925516635,330.18239018710693,0.7213967509033572
2023-11-07,8,10,11,39,30,10,4,223.98113876267826,151.81434979798797,234.69901070121412,178.15820778279,227.40013819696952,39.65740593389496,330.1874545789093,0.3476835770657424
2023-11-10,30,42,10,21,38,12,2,226.9931075479295,187.67433906598302,239.27009329399075,181.4243920367755,229.49496332159987,39.25409161306088,330.2095098118458,0.11346153213558857
2023-11-14,13,50,36,16,44,3,5,231.01639364218534,238.35726629109962,245.27776855365593,185.84132165910844,232.30005799779212,38.72714220526282,330.2633439818434,0.004842845286834985
2023-11-17,26,50,24,2,46,2,7,234.0386651249431,279.0486685173224,249.7139030101438,189.1957591119416,234.41267086454744,38.34377102132422,330.3220002219889,0.14909097842098917
2023-11-21,46,47,29,34,19,2,3,238.07364334996754,335.28363695435337,255.5147695960859,193.71808962083674,237.24085876320078,37.85363259927226,330.42434559633824,0.5652605112405145
2023-11-24,48,15,29,20,39,7,1,241.10336656601936,17.704190242448504,259.7499054040794,197.14402678289835,239.37041213163653,37.505031887997795,330.51892953765855,0.864911655587417
2023-11-28,27,44,12,33,16,7,8,245.1477183831194,72.75035207050196,265.16172950203924,201.75390423982532,242.22118350436773,37.069737814764416,330.66831986831653,0.9944307650882446
2023-12-01,38,10,4,14,50,9,12,248.1848465094286,111.42064860828182,268.9487295970636,205.24044972152865,244.36800176833933,36.767945500815756,330.79749120447264,0.8631024012570097
2023-12-05,6,20,4,24,25,5,9,252.23977330515172,159.61221631666868,273.39880501732404,209.92438640527192,247.2422952239969,36.401921482665024,330.992080674407,0.5235474165694435
2023-12-08,48,30,50,42,17,4,8,255.28492354170157,195.4601043475385,276.02708444275913,213.4611850169951,249.40692961229078,36.156851134054136,331.154443671152,0.24959794148472014
2023-12-12,43,39,28,37,6,9,12,259.3497937725363,246.86587621347138,278.0180698191859,218.204988008099,252.3048119090769,35.872210696958064,331.39224186574063,0.012711421261038747
2023-12-15,2,13,37,38,48,9,5,262.4012027316487,288.92421538469597,277.89782804956025,221.78143143731126,254.48673127426906,35.692002662328264,331.5861151866213,0.05449126553010414
2023-12-19,20,43,41,45,10,12,2,266.47202127595534,346.30005054148864,275.1188440389951,226.5716416171824,257.406794525954,35.49802795476513,331.86450619843777,0.41327093940042026
2023-12-22,14,49,34,44,6,12,4,269.5260786286725,28.053059248282988,271.41016803666616,230.17892594152465,259.6047276122198,35.38814659059917,332.087596160634,0.7408380304476924
2023-12-26,47,27,8,30,35,9,10,273.59906529910614,81.45022799597315,266.1142466636115,235.00658784041363,262.545789380198,35.28979033745955,332.4031837549144,0.9874980950058523
2023-12-29,2,36,19,37,3,9,6,276.65463241542784,119.46866753874541,263.26770003119543,238.63990848507325,264.75956187111916,35.25235486025688,332.65287790737176,0.959322177460573
2024-01-02,7,18,49,46,15,12,10,280.730035986752,167.47566171432075,261.85409127536735,243.4996362461162,267.7220042589545,35.25100069890676,333.0023030505684,0.6979486131573409
2024-01-05,18,4,39,7,50,8,3,283.78753866455037,203.2126317442615,262.43805791049914,247.1547848002231,269.95186360918444,35.28636037332306,333.27617286759823,0.41969189851257627
2024-01-09,12,9,2,39,40,3,1,287.86507127596667,254.7701481995352,264.8363687103221,252.04032261494834,272.9354731623601,35.38175569110163,333.65619725060895,0.08227607820373833
2024-01-12,18,16,17,49,45,9,12,290.9232248949203,297.8025950163552,267.4878686688591,255.71213409756254,275.18069071765166,35.48917712750477,333.95172869483764,0.005451483813024405
2024-01-16,18,21,33,45,10,12,8,294.9993212067299,356.78783642034676,271.7780374277861,260.61618464693834,278.18364937115774,35.679461374672115,334.35875835396973,0.2640319895403246
2024-01-19,50,27,28,48,44,7,12,298.05437881681075,38.61727130840697,275.3912727487101,264.2995101658616,280.442477447176,35.85665973957102,334.67302368249824,0.5933448657073678
2024-01-23,48,23,14,50,39,12,3,302.124462805979,90.80117852526702,280.57909342415707,269.21698294287717,283.4628195206418,36.137431355116014,335.10296667220405,0.9259194126049604
2024-01-26,32,19,41,8,42,12,9,305.1745620414182,128.0067988511129,284.68226110555605,272.909642755451,285.73449995813303,36.380336384683055,335.43294145483645,0.9977592383622826
2024-01-30,10,27,5,30,19,6,5,309.2382964998434,175.70265298240588,290.37942540492054,277.83887655174937,288.77195005271426,36.74580515067875,335.88199293279547,0.8448686342155607
2024-02-02,13,42,27,23,20,9,5,312.28388090470173,211.37226513310364,294.80066453745286,281.5397066479821,291.0563482270955,37.050094757347615,336.2249633913021,0.5965856978032706
2024-02-06,45,7,2,28,21,11,5,316.3416236658595,262.6633023710603,300.878715300422,286.47865629545896,294.11031963412944,37.494605132662656,336.6895631970305,0.20498927728190197
2024-02-09,37,35,45,24,23,12,9,319.3822697878407,305.89150391204237,305.5721174247843,290.18557153476826,296.4064813673259,37.85607945555952,337.0428223224706,0.015248312254320662
2024-02-13,13,18,46,17,20,9,4,323.4316997724479,6.185939381924843,312.0135262132226,295.1305145298972,299.47476470745966,38.37389730769344,337.5191805172431,0.1331911178021089
2024-02-16,26,14,13,24,8,1,2,326.46424656419373,48.6733072494658,316.98824354732034,298.84033494638015,301.780475496313,38.78790974925143,337.87970020980947,0.4338689189321479
2024-02-20,42,31,37,48,23,7,3,330.50081317118935,100.39022653159577,323.8244732662745,303.7878262260768,304.8602781635097,39.37220357638659,338.36366557734397,0.8199734458298215
2024-02-23,27,49,30,24,28,1,12,333.5230964361245,136.92010688833614,329.1119496766302,307.49924463372247,307.17414003898256,39.83337751228163,338.7284313389154,0.9777020941785861
2024-02-27,20,3,4,9,12,5,6,337.5462570245549,184.34264353321097,336.3817599818867,312.4489221189947,310.26447452720197,40.47718941190225,339.21625531786435,0.9465115728367988
2024-03-01,34,20,4,19,7,2,4,340.5589470864029,220.14636633998063,341.9938279342127,316.1619992035533,312.58594763926675,40.980656093133184,339.58260795230296,0.7546164875406093
2024-03-05,23,36,2,17,15,8,3,344.56991766905884,271.2143737190941,349.6537547378373,321.11371659706083,315.68583498663054,41.677935608520016,340.0708134916453,0.3581814415155806
2024-03-08,12,11,8,44,16,4,7,347.5736444115369,313.9702097996423,355.4731748774702,324.82792264482424,318.01375520598293,42.21941335070653,340.43611885943227,0.08394484169304889
2024-03-12,30,38,19,13,46,4,12,351.5718435745315,14.561619241860686,3.1662549337959844,329.7799509260964,321.1206894893046,42.96457357064058,340.92102836195284,0.04035740376863545
2024-03-15,31,40,34,4,1,4,5,354.56459331266797,57.7974699895539,8.703854767048016,333.4931989216068,323.45247527927546,43.5397114408508,341.28235864104846,0.27717804703034626
2024-03-19,32,18,7,20,16,1,3,358.54623059139277,109.6995947433498,15.415506131595134,338.44270379069286,326.5629278926506,44.3265585863009,341.75998864736374,0.6811945271032687
2024-03-22,32,8,44,11,23,9,10,1.5258897325315535,145.8614233003788,19.671570355685684,342.15371206704725,328.89656667303785,44.93061684282263,342.11448037477754,0.9055209114056293
2024-03-26,14,26,29,13,2,5,6,5.49041591791876,193.19075050192902,23.95305077780743,347.1004069347137,332.0088742864652,45.75317897460785,342.5812983741219,0.9954655911224533
2024-03-29,49,35,36,17,16,10,1,8.457930478201453,229.407310706185,25.949074746298518,350.8095683734305,334.343480879195,46.382082158654505,342.9264528695379,0.8778480804419426
2024-04-02,36,1,48,23,31,8,5,12.407414934642727,280.7110223851958,26.886557256732715,355.754133134265,337.4563843702643,47.23539847590443,343.379187816297,0.5163441325326508
2024-04-05,26,37,35,18,13,11,8,15.364429977080682,322.81761470262813,26.352997504131853,359.4618031738743,339.79068998183317,47.88569133859873,343.712519191265,0.19610536023521896
2024-04-09,27,46,19,23,26,2,10,19.300088737064666,22.59026693237085,24.31410802580237,4.403941172522773,342.90158984302417,48.76527991460081,344.1476877547357,0.0010038505628132133
2024-04-12,45,16,12,2,3,11,2,22.245973203654128,66.10739629748736,22.17734344231864,8.109021490273905,345.23284710410667,49.433451815607334,344.46642292168144,0.14230733794813416
2024-04-16,39,31,46,29,22,3,7,26.165238847102923,118.42970386508108,19.230170327432887,13.046621181059669,348.33774064080893,50.334269862070094,344.88027821598956,0.5223508901977165
2024-04-19,10,20,46,40,44,1,3,29.098171686917652,154.50895002524197,17.39996999565645,16.747904475876908,350.66346868152846,51.016453763054436,345.18175425821335,0.7904189162698065
2024-04-23,9,49,11,6,32,2,10,33.00050122582171,201.94522930120186,15.917160503311827,21.680626957157887,353.7601710255605,51.93366140488446,345.57104871658987,0.9909056267419416
2024-04-26,47,2,39,20,40,8,4,35.92155684866965,238.81446662217138,15.657220139633523,25.378666857438276,356.0792745783843,52.62658995680344,345.85298734826125,0.9595868959364299
2024-04-30,24,47,13,22,33,5,1,39.80961860790195,290.9700431984848,16.453677502865396,30.307804194651148,359.1664744591155,53.55624698252553,346.21474833625086,0.6622019216138092
2024-05-03,6,49,9,30,10,4,3,42.721239742131445,332.7154008001559,17.842545755826308,34.00370874658506,1.4777690114740913,54.25718173421332,346.47488768843175,0.3299551366749696
2024-05-07,45,35,42,36,41,11,6,46.597773962921444,31.065994498630655,20.619613677339917,38.93032488047841,4.553051758359211,55.195686041507585,346.8059395146912,0.018047756972396634
2024-05-10,29,44,13,48,28,12,4,49.50063705712433,74.13914315814333,23.31025567522842,42.624098737362374,6.853869466667127,55.90172936366828,347.0417657110189,0.047845486603042164
2024-05-14,35,2,8,28,17,7,9,53.36443586124559,126.6242496570007,27.60382928912352,47.547163643670764,9.913102370098331,56.844817917277744,347.3387753983202,0.3594483812395708
2024-05-17,31,41,46,32,18,10,1,56.257146097140925,162.74865666419421,31.300701416916475,51.23792540029239,12.200710065004902,57.552654449644216,347.54798853346114,0.6439348684435092
2024-05-21,13,11,48,14,34,9,7,60.10761742232473,210.38702125318505,36.81358246000013,56.15710589447464,15.24138792335801,58.49614751908131,347.808249528382,0.9348764703488402
2024-05-24,12,9,22,18,50,1,3,62.99113436795905,248.0036027411394,41.36570367391099,59.84539210800287,17.514605503452554,59.20294235553844,347.98901755438624,0.9967138466415941
2024-05-28,18,16,35,41,36,6,7,66.83111000411638,301.52732539685843,47.97849506251911,64.76219657271204,20.535562092041527,60.14340715634575,348.2102062847152,0.7884335863906754
2024-05-31,16,33,4,34,7,8,7,69.70834232351027,343.42608893284216,53.34166757851566,68.4495148511118,22.79345779673298,60.84674785108103,348.3607904579221,0.468882009577622
2024-06-04,43,7,6,9,14,4,3,73.54166334635518,40.40829368338112,61.01692212109623,73.36586928135738,25.792679944075093,61.78092190218964,348.54049028185887,0.08177469631692003
2024-06-07,30,26,15,37,16,8,5,76.41434716995268,82.47104654735769,67.13640425981365,77.05300100541713,28.032822794655118,62.47809651137705,348.6590257239269,0.004570200833071358
2024-06-11,48,15,7,34,45,7,9,80.24104606961264,134.57924648471123,75.6772529539822,81.968664021273,31.00626468853156,63.40190281399749,348.79492098138957,0.21133187002219245
2024-06-14,13,2,16,24,32,7,1,83.10824805892085,170.70027429106173,82.25023240553158,85.65487265080085,33.22580567976724,64.0896952292981,348.8799858078979,0.48136290666753395
2024-06-18,34,11,36,33,3,12,1,86.92765096276582,218.48713811266956,91.01379391743446,90.56910064112273,36.17072016235591,64.99900919320008,348.9706732774728,0.8324656995893684
2024-06-21,4,3,11,7,17,12,3,89.79000044597012,256.7404857471824,97.43705972441697,94.25437196858348,38.36837902104337,65.67456189542442,349.02150964611656,0.9859291711789828
2024-06-25,14,16,49,45,37,5,7,93.60461206244642,311.8545982061604,105.64025486790392,99.16794922294706,41.28370169810884,66.56585441269529,349.06623002590317,0.8915908790057412
2024-06-28,10,18,35,16,22,10,1,96.46508371319335,354.42896533399403,111.45922388598304,102.8534201756269,43.458781984354914,67.22663364333056,349.0823664072478,0.6052911684337172
2024-07-02,46,7,2,34,35,6,8,100.27937199174374,50.548845715627294,118.73402491955824,107.76814063351202,46.34286718169937,68.09638308766814,349.08053268539993,0.17815424825127635
2024-07-05,29,47,31,13,11,11,1,103.14047114103475,91.40705931287098,123.81927783158866,111.45470646531712,48.49311269764402,68.73940128873915,349.0616217016998,0.012450953746412585
2024-07-09,28,15,19,39,6,7,11,106.95546352109855,142.6419270214818,130.10037419359875,116.3704149294773,51.341875461326005,69.58308906155315,349.0131852325654,0.09548373697738421
2024-07-12,12,39,24,25,18,10,8,109.81666296325074,178.6221812883036,134.42987225817652,120.05709208542024,53.46420032203267,70.2047637948865,348.95967892041773,0.32116905815895513
2024-07-16,39,35,2,36,32,7,8,113.63158276985915,226.42088908710988,139.6707828493777,124.97216960010714,56.274407465166746,71.01771854632752,348.86592111226935,0.6942323318651051
2024-07-19,44,22,35,48,15,6,7,116.49305257726806,265.02048600566053,143.1742822314332,128.65797329650545,58.36715364395051,71.6147291555873,348.77919925278263,0.925349286652635
2024-07-23,8,10,16,34,4,8,4,120.30964851008183,321.52497292541193,147.21179741855084,133.5717615794913,61.13738647991285,72.39275020310001,348.64236732207615,0.9652916122155057
